projects/Cli1/src/java/org/apache/commons/cli/CommandLine.java51privateMaphashcodeMap=newHashMap();
projects/Cli1/src/java/org/apache/commons/cli/CommandLine.java51privatefinalMaphashcodeMap=newHashMap();
projects/Cli1/src/java/org/apache/commons/cli/CommandLine.java51privateMaphashcodeMap=newLinkedHashMap();
projects/Cli1/src/java/org/apache/commons/cli/CommandLine.java51privateMaphashcodeMap=newHashMap(System.err);
projects/Cli1/src/java/org/apache/commons/cli/CommandLine.java51
projects/Cli1/src/java/org/apache/commons/cli/CommandLine.java51this.hashCodeMap=newHashMap();
projects/Cli1/src/java/org/apache/commons/cli/CommandLine.java51this.hashCodeMap=Maps.newHashMap();
projects/Cli1/src/java/org/apache/commons/cli/CommandLine.java51hashCodeMap=newHashMap();
projects/Cli1/src/java/org/apache/commons/cli/CommandLine.java51this.hashcodeMap=newHashMap();
projects/Cli1/src/java/org/apache/commons/cli/CommandLine.java51HashCodeHandler<String>hashcode=newHashCodeHandler<String>();
projects/Cli1/src/java/org/apache/commons/cli/CommandLine.java51privateMaphashcodeMap=newHashMap(System.identityHashCode(this));
projects/Cli1/src/java/org/apache/commons/cli/CommandLine.java51System.err.println("AssertionFailedError:"+hashcodeMap);
projects/Cli1/src/java/org/apache/commons/cli/CommandLine.java51System.err.println("Unexpectederror:"+getMessage());
projects/Cli1/src/java/org/apache/commons/cli/CommandLine.java51System.err.println("AssertionFailedError:"+hashcode());
projects/Cli1/src/java/org/apache/commons/cli/CommandLine.java51System.err.println("AssertionFailedError:"+getMessage());
projects/Cli1/src/java/org/apache/commons/cli/CommandLine.java51protectedMaphashcodeMap=newHashMap();
projects/Cli1/src/java/org/apache/commons/cli/CommandLine.java51HashMap<String,Object>hashcodeMap=newHashMap<String,Object>();
projects/Cli1/src/java/org/apache/commons/cli/CommandLine.java51System.err.println("Failedtoparse:"+asPath());
projects/Cli1/src/java/org/apache/commons/cli/CommandLine.java51hashcodeMap=newHashMap();
