projects/Csv14/src/main/java/org/apache/commons/csv/CSVFormat.java536validate();
projects/Csv14/src/main/java/org/apache/commons/csv/CSVFormat.java536this.skipHeaderRecord=skipHeaderRecord;
projects/Csv14/src/main/java/org/apache/commons/csv/CSVFormat.java536if(nullString.equals("")||nullString.equals("")){thrownewIllegalArgumentException("");}
projects/Csv14/src/main/java/org/apache/commons/csv/CSVFormat.java536if(nullString.equals("")){validate();}else{thrownewIllegalArgumentException("");}
projects/Csv14/src/main/java/org/apache/commons/csv/CSVFormat.java536if(nullString.equals("")){thrownewIllegalArgumentException("");}
projects/Csv14/src/main/java/org/apache/commons/csv/CSVFormat.java536
projects/Csv14/src/main/java/org/apache/commons/csv/CSVFormat.java536if(this.skipHeaderRecord!=null){validate();}else{this.skipHeaderRecord=skipHeaderRecord;}
projects/Csv14/src/main/java/org/apache/commons/csv/CSVFormat.java536if(this.skipHeaderRecord!=null){validate();}else{thrownewIllegalArgumentException("");}
projects/Csv14/src/main/java/org/apache/commons/csv/CSVFormat.java536if(nullString!=null){thrownewIllegalArgumentException("");}
projects/Csv14/src/main/java/org/apache/commons/csv/CSVFormat.java536if(this.skipHeaderRecord!=null){validate();}
projects/Csv14/src/main/java/org/apache/commons/csv/CSVFormat.java536this.recordSeparator=recordSeparator;
projects/Csv14/src/main/java/org/apache/commons/csv/CSVFormat.java536this.recordSeparator=null;
projects/Csv14/src/main/java/org/apache/commons/csv/CSVFormat.java536this.recordSeparator=nullString;
projects/Csv14/src/main/java/org/apache/commons/csv/CSVFormat.java536this.recordSeparator=trim;
projects/Csv14/src/main/java/org/apache/commons/csv/CSVFormat.java536this.skipHeaderRecord=trim;
projects/Csv14/src/main/java/org/apache/commons/csv/CSVFormat.java536this.skipHeaderRecord=skippingHeaderRecord;
projects/Csv14/src/main/java/org/apache/commons/csv/CSVFormat.java536this.skipHeaderRecord=skippingDelimiter;
projects/Csv14/src/main/java/org/apache/commons/csv/CSVFormat.java536||nullString.equals("")){thrownewIllegalArgumentException("");}
projects/Csv14/src/main/java/org/apache/commons/csv/CSVFormat.java536if(nullString.equals("*")||nullString.equals("*")){thrownewIllegalArgumentException("");}
projects/Csv14/src/main/java/org/apache/commons/csv/CSVFormat.java536this.recordSeparator=delimiter==null?null:delimiter.clone();
projects/Csv14/src/main/java/org/apache/commons/csv/CSVFormat.java536this.recordSeparator=delimiter==null?null:delimiter;
projects/Csv14/src/main/java/org/apache/commons/csv/CSVFormat.java536validate();}else{thrownewIllegalArgumentException("");}
projects/Csv14/src/main/java/org/apache/commons/csv/CSVFormat.java536validate();}elseif(nullString.equals("")){thrownewIllegalArgumentException("");}
projects/Csv14/src/main/java/org/apache/commons/csv/CSVFormat.java536Validate.notNull(this.skipHeaderRecord);
projects/Csv14/src/main/java/org/apache/commons/csv/CSVFormat.java536this.recordSeparator=delimiter;
projects/Csv14/src/main/java/org/apache/commons/csv/CSVFormat.java536While(nullString!=null){thrownewIllegalArgumentException("");}
projects/Csv14/src/main/java/org/apache/commons/csv/CSVFormat.java536allowMissingColumnNames||ignoreEmptyLines||ignoreEmptyLines||ignoreEmptyLines||ignoreEmptyLines||ignoreEmptyLines){thrownewIllegalArgumentException("");}
projects/Csv14/src/main/java/org/apache/commons/csv/CSVFormat.java536allowMissingColumnNames||ignoreEmptyLines||ignoreEmptyLines||ignoreEmptyLines||ignoreEmptyLines){thrownewIllegalArgumentException("");}
projects/Csv14/src/main/java/org/apache/commons/csv/CSVFormat.java536allowMissingColumnNames||ignoreEmptyLines||ignoreEmptyLines||ignoreEmptyLines||ignoreEmptyLines||ignoreSurroundingSpaces){thrownewIllegalArgumentException("");}
projects/Csv14/src/main/java/org/apache/commons/csv/CSVFormat.java536validate();}else{this.skipHeaderRecord=skipHeaderRecord;}
projects/Csv14/src/main/java/org/apache/commons/csv/CSVFormat.java536if(skipHeaderRecord!=null){validate();}else{this.skipHeaderRecord=skipHeaderRecord;}
projects/Csv14/src/main/java/org/apache/commons/csv/CSVFormat.java536||nullString.equals(".")){thrownewIllegalArgumentException("");}
projects/Csv14/src/main/java/org/apache/commons/csv/CSVFormat.java536this.commentMarker=quoteMode==null?null:quoteMode.clone();
projects/Csv14/src/main/java/org/apache/commons/csv/CSVFormat.java536this.recordSeparator=toStringArray(recordSeparator);
projects/Csv14/src/main/java/org/apache/commons/csv/CSVFormat.java536this.commentMarker=quoteMode==null?null:quoteMode.toString();
projects/Csv14/src/main/java/org/apache/commons/csv/CSVFormat.java536Validate.isTrue(this.skipHeaderRecord!=null);
projects/Csv14/src/main/java/org/apache/commons/csv/CSVFormat.java536Validate.isTrue(this.skipHeaderRecord==null);
projects/Csv14/src/main/java/org/apache/commons/csv/CSVFormat.java536this.skipHeaderRecord=skippeHeaderRecord;
projects/Csv14/src/main/java/org/apache/commons/csv/CSVFormat.java536this.recordSeparator=delimiter==null?null:recordSeparator;
projects/Csv14/src/main/java/org/apache/commons/csv/CSVFormat.java536this.recordSeparator=delimiter!=null?null:delimiter.clone();
projects/Csv14/src/main/java/org/apache/commons/csv/CSVFormat.java536this.recordSeparator=delimiter!=null?null:delimiter;
projects/Csv14/src/main/java/org/apache/commons/csv/CSVFormat.java536if(nullString==null){thrownewIllegalArgumentException("");}
projects/Csv14/src/main/java/org/apache/commons/csv/CSVFormat.java536MutableString[]toStringArray(nullString){thrownewIllegalArgumentException("");}
projects/Csv14/src/main/java/org/apache/commons/csv/CSVFormat.java536this.nullString=nullString;
projects/Csv14/src/main/java/org/apache/commons/csv/CSVFormat.java536this.commentMarker=commentMarker==null?null:commentMarker.clone();
projects/Csv14/src/main/java/org/apache/commons/csv/CSVFormat.java536this.skipHeaderRecord=skipHeaderRecord<null?null:skipHeaderRecord;
projects/Csv14/src/main/java/org/apache/commons/csv/CSVFormat.java536if(skipHeaderRecord!=null){valid();}else{this.skipHeaderRecord=skipHeaderRecord;}
projects/Csv14/src/main/java/org/apache/commons/csv/CSVFormat.java536validate();}else{thrownewIllegalArgumentException("".);}
projects/Csv14/src/main/java/org/apache/commons/csv/CSVFormat.java536if(this.skipHeaderRecord==null){validate();}
projects/Csv14/src/main/java/org/apache/commons/csv/CSVFormat.java536if(this.skipHeaderRecord==null){validate();}else{thrownewIllegalArgumentException("");}
projects/Csv14/src/main/java/org/apache/commons/csv/CSVFormat.java536safeString()){thrownewIllegalArgumentException("");}
projects/Csv14/src/main/java/org/apache/commons/csv/CSVFormat.java536MutableStringToInstantiator.isTrue(nullString.equals("")){thrownewIllegalArgumentException("");}
projects/Csv14/src/main/java/org/apache/commons/csv/CSVFormat.java536allowMissingColumnNames||nullString.equals("")){thrownewIllegalArgumentException("");}
projects/Csv14/src/main/java/org/apache/commons/csv/CSVFormat.java536allowMissingColumnNames("")){thrownewIllegalArgumentException("");}
projects/Csv14/src/main/java/org/apache/commons/csv/CSVFormat.java536allowMissingColumnNames=toStringArray(missingColumnNames);
projects/Csv14/src/main/java/org/apache/commons/csv/CSVFormat.java536this.recordSeparator=newString(delimiter);
projects/Csv14/src/main/java/org/apache/commons/csv/CSVFormat.java536this.quoteCharacter=quoteCharacter==null?null:quoteCharacter.clone();
projects/Csv14/src/main/java/org/apache/commons/csv/CSVFormat.java536this.commentMarker=commentMarker==null?null:quoteMode.clone();
projects/Csv14/src/main/java/org/apache/commons/csv/CSVFormat.java536this.recordSeparator=delimiter==null?null:toStringArray(delimiter);
projects/Csv14/src/main/java/org/apache/commons/csv/CSVFormat.java536validate();}else{thrownewIllegalArgumentException(".");}
projects/Csv14/src/main/java/org/apache/commons/csv/CSVFormat.java536allowMissingColumnNames&&nullString!=null){thrownewIllegalArgumentException("");}
projects/Csv14/src/main/java/org/apache/commons/csv/CSVFormat.java536allowMissingColumnNames?null:toStringArray(missingColumnNames);
projects/Csv14/src/main/java/org/apache/commons/csv/CSVFormat.java536[Delete]
projects/Csv14/src/main/java/org/apache/commons/csv/CSVFormat.java536||nullString.equals("*")){thrownewIllegalArgumentException("");}
projects/Csv14/src/main/java/org/apache/commons/csv/CSVFormat.java536||nullString.equals("]")){thrownewIllegalArgumentException("");}
projects/Csv14/src/main/java/org/apache/commons/csv/CSVFormat.java536this.commentMarker=quoteMode!=null?null:quoteMode.clone();
projects/Csv14/src/main/java/org/apache/commons/csv/CSVFormat.java536this.commentMarker=quoteCharacter==null?null:quoteMode.clone();
projects/Csv14/src/main/java/org/apache/commons/csv/CSVFormat.java536this.allowMissingColumnNames=toStringArray(missingColumnNames);
projects/Csv14/src/main/java/org/apache/commons/csv/CSVFormat.java536allowMissingColumnNames=toStringArray(missingColumnNames,skipHeaderRecord);
projects/Csv14/src/main/java/org/apache/commons/csv/CSVFormat.java536allowMissingColumnNames||nullString!=null){thrownewIllegalArgumentException("");}
projects/Csv14/src/main/java/org/apache/commons/csv/CSVFormat.java536this.allowMissingColumnNames&&nullString!=null){thrownewIllegalArgumentException("");}
projects/Csv14/src/main/java/org/apache/commons/csv/CSVFormat.java536allowMissingColumnNames&&nullString==null){thrownewIllegalArgumentException("");}
projects/Csv14/src/main/java/org/apache/commons/csv/CSVFormat.java536MutableString[]toStringArray(this.nullString){thrownewIllegalArgumentException("");}
projects/Csv14/src/main/java/org/apache/commons/csv/CSVFormat.java536MutableString[]toStringArray(nullString,trim){thrownewIllegalArgumentException("");}
projects/Csv14/src/main/java/org/apache/commons/csv/CSVFormat.java536MutableString[]toStringArray(commentStart){thrownewIllegalArgumentException("");}
projects/Csv14/src/main/java/org/apache/commons/csv/CSVFormat.java536validate();}elseif(!quoteCharacter.equals("")){thrownewIllegalArgumentException("");}
projects/Csv14/src/main/java/org/apache/commons/csv/CSVFormat.java536validate();}elseif(!quoteCharacter.equals(commentStart)){thrownewIllegalArgumentException("");}
projects/Csv14/src/main/java/org/apache/commons/csv/CSVFormat.java536validate();}elseif(!quoteCharacter.equals("null")){thrownewIllegalArgumentException("");}
projects/Csv14/src/main/java/org/apache/commons/csv/CSVFormat.java536this.quoteCharacter=quoteCharacter!=null?null:quoteCharacter.clone();
projects/Csv14/src/main/java/org/apache/commons/csv/CSVFormat.java536this.quoteCharacter=quoteMode==null?null:quoteCharacter.clone();
projects/Csv14/src/main/java/org/apache/commons/csv/CSVFormat.java536allowMissingColumnNames||ignoreSurroundingSpaces||ignoreEmptyLines||ignoreEmptyLines||ignoreEmptyLines||ignoreEmptyLines){thrownewIllegalArgumentException("");}
projects/Csv14/src/main/java/org/apache/commons/csv/CSVFormat.java536allowMissingColumnNames||ignoreEmptyLines||ignoreEmptyLines||ignoreSurroundingSpaces||ignoreEmptyLines){thrownewIllegalArgumentException("");}
projects/Csv14/src/main/java/org/apache/commons/csv/CSVFormat.java536allowMissingColumnNames||ignoreEmptyLines||ignoreEmptyLines||ignoreEmptyLines||ignoreSurroundingSpaces){thrownewIllegalArgumentException("");}
projects/Csv14/src/main/java/org/apache/commons/csv/CSVFormat.java536validate();}elseif(nullString.equals("*")){thrownewIllegalArgumentException("");}
projects/Csv14/src/main/java/org/apache/commons/csv/CSVFormat.java536validate();}elseif(nullString.equals("-")){thrownewIllegalArgumentException("");}
projects/Csv14/src/main/java/org/apache/commons/csv/CSVFormat.java536if(nullString.equals("*")||nullString.equals("*)){thrownewIllegalArgumentException("");}
projects/Csv14/src/main/java/org/apache/commons/csv/CSVFormat.java536While(nullString==null){thrownewIllegalArgumentException("");}
projects/Csv14/src/main/java/org/apache/commons/csv/CSVFormat.java536this.skipHeaderRecord=skipHeaderRecord==null?null:skipHeaderRecord;
projects/Csv14/src/main/java/org/apache/commons/csv/CSVFormat.java536this.skipHeaderRecord=skipHeaderRecord!=null?null:skipHeaderRecord;
projects/Csv14/src/main/java/org/apache/commons/csv/CSVFormat.java536Validate.isTrue(this.skipHeaderRecord==null&&this.skipHeaderRecord.length()>0);
projects/Csv14/src/main/java/org/apache/commons/csv/CSVFormat.java536Validate.isTrue(this.skipHeaderRecord==null,skipHeaderRecord);
projects/Csv14/src/main/java/org/apache/commons/csv/CSVFormat.java536this.allowMissingColumnNames){thrownewIllegalArgumentException("");}
projects/Csv14/src/main/java/org/apache/commons/csv/CSVFormat.java536this.recordSeparator=delimiter==null?null:recordSeparator.clone();
projects/Csv14/src/main/java/org/apache/commons/csv/CSVFormat.java536Validate.notEmpty(this.skipHeaderRecord);
projects/Csv14/src/main/java/org/apache/commons/csv/CSVFormat.java536Validate.notNull(this.skipHeaderRecord,trim);
projects/Csv14/src/main/java/org/apache/commons/csv/CSVFormat.java536Validate.notEmpty(this.skipHeaderRecord,trim);
projects/Csv14/src/main/java/org/apache/commons/csv/CSVFormat.java536MutableStringToInstantiator.isTrue(recordSeparator.equals("")){thrownewIllegalArgumentException("");}
projects/Csv14/src/main/java/org/apache/commons/csv/CSVFormat.java536MutableStringToInstantiator.isTrue(nullString.equals("*")){thrownewIllegalArgumentException("");}
projects/Csv14/src/main/java/org/apache/commons/csv/CSVFormat.java536this.recordSeparator=delimiter!=null?null:toStringArray(delimiter);
projects/Csv14/src/main/java/org/apache/commons/csv/CSVFormat.java536this.recordSeparator=delimiter==null?null:toStringArray(delimiter));
projects/Csv14/src/main/java/org/apache/commons/csv/CSVFormat.java536this.recordSeparator=toStringArray(recordSeparator,header);
projects/Csv14/src/main/java/org/apache/commons/csv/CSVFormat.java536this.recordSeparator=toStringArray(recordSeparator,commentStart);
projects/Csv14/src/main/java/org/apache/commons/csv/CSVFormat.java536this.recordSeparator=toStringArray(recordSeparator,null);
projects/Csv14/src/main/java/org/apache/commons/csv/CSVFormat.java536this.commentMarker=commentMarker!=null?null:commentMarker.clone();
projects/Csv14/src/main/java/org/apache/commons/csv/CSVFormat.java536this.commentMarker=commentStart==null?null:commentMarker.clone();
projects/Csv14/src/main/java/org/apache/commons/csv/CSVFormat.java536allowMissingColumnNames||ignoreSurroundingSpaces||ignoreEmptyLines||ignoreEmptyLines||ignoreEmptyLines){thrownewIllegalArgumentException("");}
projects/Csv14/src/main/java/org/apache/commons/csv/CSVFormat.java536allowMissingColumnNames||ignoreEmptyLines||ignoreEmptyLines||ignoreSurroundingSpaces){thrownewIllegalArgumentException("");}
projects/Csv14/src/main/java/org/apache/commons/csv/CSVFormat.java536this.recordSeparator=newString(commentStart);
projects/Csv14/src/main/java/org/apache/commons/csv/CSVFormat.java536this.recordSeparator=newString(quoteCharacter);
projects/Csv14/src/main/java/org/apache/commons/csv/CSVFormat.java536this.recordSeparator=newString(quoteSeparator);
projects/Csv14/src/main/java/org/apache/commons/csv/CSVFormat.java536this.recordSeparator=newString(recordSeparator);
projects/Csv14/src/main/java/org/apache/commons/csv/CSVFormat.java536this.skipHeaderRecord=delimiter;
projects/Csv14/src/main/java/org/apache/commons/csv/CSVFormat.java536this.skipHeaderRecord=quoteCharacter;
projects/Csv14/src/main/java/org/apache/commons/csv/CSVFormat.java536this.recordSeparator=recordSeparator==null?null:recordSeparator;
projects/Csv14/src/main/java/org/apache/commons/csv/CSVFormat.java536||nullString.equals(".*")){thrownewIllegalArgumentException("");}
projects/Csv14/src/main/java/org/apache/commons/csv/CSVFormat.java536allowMissingColumnNames?null:toStringArray(missingColumnNames,skipHeaderRecord);
projects/Csv14/src/main/java/org/apache/commons/csv/CSVFormat.java536this.nullString=delimiter==null?null:toStringArray(delimiter);
projects/Csv14/src/main/java/org/apache/commons/csv/CSVFormat.java536this.nullString=delimiter;
projects/Csv14/src/main/java/org/apache/commons/csv/CSVFormat.java536this.nullString=delimiter!=null?null:toStringArray(delimiter);
projects/Csv14/src/main/java/org/apache/commons/csv/CSVFormat.java536this.commentMarker=quoteMode!=null?null:quoteMode.toString();
projects/Csv14/src/main/java/org/apache/commons/csv/CSVFormat.java536this.skipHeaderRecord=null;
projects/Csv14/src/main/java/org/apache/commons/csv/CSVFormat.java536this.skipHeaderRecord=skippedHeaderRecord;
projects/Csv14/src/main/java/org/apache/commons/csv/CSVFormat.java536this.skippingHeaderRecord=skipHeaderRecord;
projects/Csv14/src/main/java/org/apache/commons/csv/CSVFormat.java536Validate.isTrue(this.skipHeaderRecord!=null&&this.skipHeaderRecord.length()>0);
projects/Csv14/src/main/java/org/apache/commons/csv/CSVFormat.java536this.recordSeparator=quoteCharacter;
projects/Csv14/src/main/java/org/apache/commons/csv/CSVFormat.java536this.recordSeparator=quoteMode;
projects/Csv14/src/main/java/org/apache/commons/csv/CSVFormat.java536validate()){thrownewIllegalArgumentException("");}
projects/Csv14/src/main/java/org/apache/commons/csv/CSVFormat.java536safeString()){thrownewIllegalArgumentException("".trim());}
projects/Csv14/src/main/java/org/apache/commons/csv/CSVFormat.java536if(skipHeaderRecord==null){valid();}else{this.skipHeaderRecord=skipHeaderRecord;}
projects/Csv14/src/main/java/org/apache/commons/csv/CSVFormat.java536Validate.notNull(skipHeaderRecord);
projects/Csv14/src/main/java/org/apache/commons/csv/CSVFormat.java536Preconditions.checkState(this.skipHeaderRecord!=skipHeaderRecord);
projects/Csv14/src/main/java/org/apache/commons/csv/CSVFormat.java536Preconditions.checkState(this.skipHeaderRecord!=null);
projects/Csv14/src/main/java/org/apache/commons/csv/CSVFormat.java536this.commentMarker=commentStart==null?null:quoteMode.clone();
projects/Csv14/src/main/java/org/apache/commons/csv/CSVFormat.java536allowMissingColumnNames||ignoreEmptyLines||ignoreEmptyLines||ignoreEmptyLines){thrownewIllegalArgumentException("");}
projects/Csv14/src/main/java/org/apache/commons/csv/CSVFormat.java536if(nullString!=null){validate();}else{thrownewIllegalArgumentException("");}
projects/Csv14/src/main/java/org/apache/commons/csv/CSVFormat.java536if(nullString==null){validate();}else{thrownewIllegalArgumentException("");}
projects/Csv14/src/main/java/org/apache/commons/csv/CSVFormat.java536allowMissingColumnNames&&nullString.equals("")){thrownewIllegalArgumentException("");}
projects/Csv14/src/main/java/org/apache/commons/csv/CSVFormat.java536allowMissingColumnNames()){thrownewIllegalArgumentException("");}
projects/Csv14/src/main/java/org/apache/commons/csv/CSVFormat.java536this.recordSeparator=commentStart;
projects/Csv14/src/main/java/org/apache/commons/csv/CSVFormat.java536this.recordSeparator=recordSeparator==null?null:delimiter;
projects/Csv14/src/main/java/org/apache/commons/csv/CSVFormat.java536if(skipHeaderRecord==null){validate();}else{this.skipHeaderRecord=skipHeaderRecord;}
projects/Csv14/src/main/java/org/apache/commons/csv/CSVFormat.java536if(skipHeaderRecord!=null){validate();}else{this.skipHeaderRecord=skippeHeaderRecord;}
projects/Csv14/src/main/java/org/apache/commons/csv/CSVFormat.java536this.skipHeaderRecord=skipHeaderRecord<null?null:skipHeaderRecord.clone();
projects/Csv14/src/main/java/org/apache/commons/csv/CSVFormat.java536this.recordSeparator=toStringArray(recordSeparator,nullString);
projects/Csv14/src/main/java/org/apache/commons/csv/CSVFormat.java536this.recordSeparator=toStringArray(recordSeparator,escape);
projects/Csv14/src/main/java/org/apache/commons/csv/CSVFormat.java536this.recordSeparator=toStringArray(recordSeparator+1);
projects/Csv14/src/main/java/org/apache/commons/csv/CSVFormat.java536Validate.isTrue(this.skipHeaderRecord==null&&this.skipHeaderRecord!=null);
projects/Csv14/src/main/java/org/apache/commons/csv/CSVFormat.java536||nullString.equals("-")){thrownewIllegalArgumentException("");}
projects/Csv14/src/main/java/org/apache/commons/csv/CSVFormat.java536||nullString.equals(":")){thrownewIllegalArgumentException("");}
projects/Csv14/src/main/java/org/apache/commons/csv/CSVFormat.java536||nullString.equals(")){thrownewIllegalArgumentException("");}
projects/Csv14/src/main/java/org/apache/commons/csv/CSVFormat.java536validate();}elseif(!isEmptyLines){thrownewIllegalArgumentException("");}
projects/Csv14/src/main/java/org/apache/commons/csv/CSVFormat.java536verify();}else{thrownewIllegalArgumentException("");}
projects/Csv14/src/main/java/org/apache/commons/csv/CSVFormat.java536MutableStringToInstantiator.isTrue(nullString.equals("")||nullString.equals("")){thrownewIllegalArgumentException("");}
projects/Csv14/src/main/java/org/apache/commons/csv/CSVFormat.java536this.recordSeparator=delimiter==null?null:toStringArray(delimer);
projects/Csv14/src/main/java/org/apache/commons/csv/CSVFormat.java536this.recordSeparator=newString(delimiter,quoteCharacter);
projects/Csv14/src/main/java/org/apache/commons/csv/CSVFormat.java536this.nullString=delimiter==null?null:delimiter.clone();
projects/Csv14/src/main/java/org/apache/commons/csv/CSVFormat.java536this.nullString=delimiter==null?null:delimiter;
projects/Csv14/src/main/java/org/apache/commons/csv/CSVFormat.java536MutableString[]toStringArray(delimiter){thrownewIllegalArgumentException("");}
projects/Csv14/src/main/java/org/apache/commons/csv/CSVFormat.java536MutableString[]toStringArray(nullString,null){thrownewIllegalArgumentException("");}
projects/Csv14/src/main/java/org/apache/commons/csv/CSVFormat.java536MutableString[]toStringArray(false){thrownewIllegalArgumentException("");}
projects/Csv14/src/main/java/org/apache/commons/csv/CSVFormat.java536MutableString[]toStringArray(nullString,trim)){thrownewIllegalArgumentException("");}
projects/Csv14/src/main/java/org/apache/commons/csv/CSVFormat.java536Validate.notNull(this.skipHeaderRecord,skipHeaderRecord);
projects/Csv14/src/main/java/org/apache/commons/csv/CSVFormat.java536Validate.notNull(this.skipHeaderRecord,delimiter);
projects/Csv14/src/main/java/org/apache/commons/csv/CSVFormat.java536if(!nullString.equals("")){thrownewIllegalArgumentException("");}
projects/Csv14/src/main/java/org/apache/commons/csv/CSVFormat.java536if(nullString.equals("*")&&nullString.equals("*")){thrownewIllegalArgumentException("");}
projects/Csv14/src/main/java/org/apache/commons/csv/CSVFormat.java536if(nullString.equals(".*")||nullString.equals(".*")){thrownewIllegalArgumentException("");}
projects/Csv14/src/main/java/org/apache/commons/csv/CSVFormat.java536SafeString()){thrownewIllegalArgumentException("");}
projects/Csv14/src/main/java/org/apache/commons/csv/CSVFormat.java536safeString()){thrownewIllegalArgumentException("".equals(this.nullString);}
projects/Csv14/src/main/java/org/apache/commons/csv/CSVFormat.java536this.commentMarker=null?null:quoteMode.clone();
projects/Csv14/src/main/java/org/apache/commons/csv/CSVFormat.java536safeString()){thrownewIllegalArgumentException("".);}
projects/Csv14/src/main/java/org/apache/commons/csv/CSVFormat.java536this.recordSeparator=newString(delimiter,commentStart);
projects/Csv14/src/main/java/org/apache/commons/csv/CSVFormat.java536this.recordSeparator=toStringArray(recordSeparator,delimiter);
projects/Csv14/src/main/java/org/apache/commons/csv/CSVFormat.java536While(this.nullString!=null){thrownewIllegalArgumentException("");}
projects/Csv14/src/main/java/org/apache/commons/csv/CSVFormat.java536validate();}elseif(delimiter==null){thrownewIllegalArgumentException("");}
projects/Csv14/src/main/java/org/apache/commons/csv/CSVFormat.java536this.commentMarker=null?null:commentMarker.clone();
projects/Csv14/src/main/java/org/apache/commons/csv/CSVFormat.java536this.commentMarker=null?null:quoteMode.toString();
projects/Csv14/src/main/java/org/apache/commons/csv/CSVFormat.java536if(skipHeaderRecord!=null){valid();}
projects/Csv14/src/main/java/org/apache/commons/csv/CSVFormat.java536MutableString.equals("*")||MutableString.equals("*")){thrownewIllegalArgumentException("");}
projects/Csv14/src/main/java/org/apache/commons/csv/CSVFormat.java536this.allowMissingColumnNames&&nullString==null){thrownewIllegalArgumentException("");}
projects/Csv14/src/main/java/org/apache/commons/csv/CSVFormat.java536this.skipHeaderRecord=trailingDelimiter;
projects/Csv14/src/main/java/org/apache/commons/csv/CSVFormat.java536validate();}elseif(!quoteCharacter.equals(delimiter)){thrownewIllegalArgumentException("");}
projects/Csv14/src/main/java/org/apache/commons/csv/CSVFormat.java536MutableStringtoStringArray(nullString){thrownewIllegalArgumentException("");}
projects/Csv14/src/main/java/org/apache/commons/csv/CSVFormat.java536MutableStringtoStringArray(recordSeparator)){thrownewIllegalArgumentException("");}
projects/Csv14/src/main/java/org/apache/commons/csv/CSVFormat.java536MutableStringtoStringArray(null)){thrownewIllegalArgumentException("");}
projects/Csv14/src/main/java/org/apache/commons/csv/CSVFormat.java536Validate.notNull(this.commentMarker);
projects/Csv14/src/main/java/org/apache/commons/csv/CSVFormat.java536this.recordSeparator=recordSeparator==null?null:delimiter.clone();
projects/Csv14/src/main/java/org/apache/commons/csv/CSVFormat.java536Validate.isTrue(this.skipHeaderRecord!=null,this.skipHeaderRecord);
projects/Csv14/src/main/java/org/apache/commons/csv/CSVFormat.java536Validate.isTrue(this.skipHeaderRecord!=null&&this.skipHeaderRecord.length>0);
projects/Csv14/src/main/java/org/apache/commons/csv/CSVFormat.java536Preconditions.checkState(this.skipHeaderRecord==null);
projects/Csv14/src/main/java/org/apache/commons/csv/CSVFormat.java536MutableString[]toStringArray(trim){thrownewIllegalArgumentException("");}
projects/Csv14/src/main/java/org/apache/commons/csv/CSVFormat.java536MutableString[]toStringArray(str){thrownewIllegalArgumentException("");}
projects/Csv14/src/main/java/org/apache/commons/csv/CSVFormat.java536this.recordSeparator=delimiter==null?null:delimiter.toString();
projects/Csv14/src/main/java/org/apache/commons/csv/CSVFormat.java536this.recordSeparator=delimiter==null?null:delimiter.toCharArray();
projects/Csv14/src/main/java/org/apache/commons/csv/CSVFormat.java536this.recordSeparator=delimiter==null?null:delimiter.trim();
projects/Csv14/src/main/java/org/apache/commons/csv/CSVFormat.java536this.allowMissingColumnNames?null:toStringArray(missingColumnNames);
projects/Csv14/src/main/java/org/apache/commons/csv/CSVFormat.java536Validate.isTrue(this.skipHeaderRecord==null,this.skipHeaderRecord);
projects/Csv14/src/main/java/org/apache/commons/csv/CSVFormat.java536this.recordSeparator=recordSeparator==null?null:toStringArray(delimiter);
projects/Csv14/src/main/java/org/apache/commons/csv/CSVFormat.java536allowMissingColumnNames||nullString.equals("*")){thrownewIllegalArgumentException("");}
projects/Csv14/src/main/java/org/apache/commons/csv/CSVFormat.java536this.skippingHeaderRecord=delimiter;
projects/Csv14/src/main/java/org/apache/commons/csv/CSVFormat.java536this.nullString=delimiter!=null?null:delimiter.clone();
