projects/Time27/src/main/java/org/joda/time/format/PeriodFormatterBuilder.java803returnnewPeriodFormatter(sep,sep);
projects/Time27/src/main/java/org/joda/time/format/PeriodFormatterBuilder.java803returnnewPeriodFormatter(sep,sep,notParser);
projects/Time27/src/main/java/org/joda/time/format/PeriodFormatterBuilder.java803returnnewPeriodFormatter(sep,sep,notPrinter);
projects/Time27/src/main/java/org/joda/time/format/PeriodFormatterBuilder.java803returnnewPeriodFormatter(sep,f);
projects/Time27/src/main/java/org/joda/time/format/PeriodFormatterBuilder.java803returnnewPeriodFormatter(sep,notParser);
projects/Time27/src/main/java/org/joda/time/format/PeriodFormatterBuilder.java803
projects/Time27/src/main/java/org/joda/time/format/PeriodFormatterBuilder.java802
projects/Time27/src/main/java/org/joda/time/format/PeriodFormatterBuilder.java802f=toFormatter(elementPairs.subList(2,size),notPrinter,notParser);
projects/Time27/src/main/java/org/joda/time/format/PeriodFormatterBuilder.java802f=toFormatter(elementPairs.subList(1,size),notPrinter,notParser);
projects/Time27/src/main/java/org/joda/time/format/PeriodFormatterBuilder.java802f=toFormatter(elementPairs.subList(3,size),notPrinter,notParser);
projects/Time27/src/main/java/org/joda/time/format/PeriodFormatterBuilder.java802f=toFormatter(elementPairs.subList(2,size));
projects/Time27/src/main/java/org/joda/time/format/PeriodFormatterBuilder.java802f=toFormatter(elementPairs.subList(2,size,notPrinter,notParser);
projects/Time27/src/main/java/org/joda/time/format/PeriodFormatterBuilder.java803returnnewPeriodFormatter(sep,notPrinter);
projects/Time27/src/main/java/org/joda/time/format/PeriodFormatterBuilder.java803returnnewPeriodFormatter(f,sep);
projects/Time27/src/main/java/org/joda/time/format/PeriodFormatterBuilder.java802intsep=sep.finish(f.getPrinter(),f.getParser());
projects/Time27/src/main/java/org/joda/time/format/PeriodFormatterBuilder.java802intsep=sep.finish(f.getParser(),f.getParser());
projects/Time27/src/main/java/org/joda/time/format/PeriodFormatterBuilder.java802f=toFormatter(elementPairs.subList(2,size),notParser,notParser);
projects/Time27/src/main/java/org/joda/time/format/PeriodFormatterBuilder.java802intsep=f.finish(sep.getParser(),f.getParser());
projects/Time27/src/main/java/org/joda/time/format/PeriodFormatterBuilder.java802intsep=notPrinter.finish(f.getParser(),f.getParser());
projects/Time27/src/main/java/org/joda/time/format/PeriodFormatterBuilder.java802intsep=s.finish(f.getParser(),f.getParser());
projects/Time27/src/main/java/org/joda/time/format/PeriodFormatterBuilder.java802f=toFormatter(elementPairs.subList(0,size),notPrinter,notParser);
projects/Time27/src/main/java/org/joda/time/format/PeriodFormatterBuilder.java803if(sep==null){if(notPrinter||notParser){thrownewIllegalStateException("");}
projects/Time27/src/main/java/org/joda/time/format/PeriodFormatterBuilder.java803if(sep!=null){if(notPrinter||notParser){thrownewIllegalStateException("");}
projects/Time27/src/main/java/org/joda/time/format/PeriodFormatterBuilder.java803if(sep==null){if(notPrinter||notParser){returnnewPeriodFormatter(null,null);}
projects/Time27/src/main/java/org/joda/time/format/PeriodFormatterBuilder.java803if(sep==null){if(notPrinter||notParser){returnnewPeriodFormatter(null,null,null);}
projects/Time27/src/main/java/org/joda/time/format/PeriodFormatterBuilder.java803if(sep==null){if(notPrinter||notParser){returnnewPeriodFormatter(null,null,sep);}
projects/Time27/src/main/java/org/joda/time/format/PeriodFormatterBuilder.java803returnnewPeriodFormatter(sep,f,notPrinter);
projects/Time27/src/main/java/org/joda/time/format/PeriodFormatterBuilder.java803returnnewPeriodFormatter(sep,f,notParser);
projects/Time27/src/main/java/org/joda/time/format/PeriodFormatterBuilder.java803returnnewPeriodFormatter(elementPairs,sep,f);
projects/Time27/src/main/java/org/joda/time/format/PeriodFormatterBuilder.java802intsep=f.finish(sep.getPrinter(),f.getParser());
projects/Time27/src/main/java/org/joda/time/format/PeriodFormatterBuilder.java802intsep=notPrinter.finish(f.getPrinter(),f.getParser());
projects/Time27/src/main/java/org/joda/time/format/PeriodFormatterBuilder.java802intsep=f.finish(f.getPrinter(),f.getParser());
projects/Time27/src/main/java/org/joda/time/format/PeriodFormatterBuilder.java802intsep=s.finish(f.getPrinter(),f.getParser());
projects/Time27/src/main/java/org/joda/time/format/PeriodFormatterBuilder.java802f=toFormatter(elementPairs.subList(3,size),notPrinter,notParser);f=toFormatter(elementPairs.subList(3,size),notPrinter,notParser);
projects/Time27/src/main/java/org/joda/time/format/PeriodFormatterBuilder.java802f=toFormatter(elementPairs.subList(3,size),notPrinter,notParser);f=toFormatter(elementPairs.subList(4,size),notPrinter,notParser);
projects/Time27/src/main/java/org/joda/time/format/PeriodFormatterBuilder.java802f=toFormatter(elementPairs.subList(3,size),notPrinter,notParser);f=toFormatter(elementPairs.subList(3,size),notParser,notParser);
projects/Time27/src/main/java/org/joda/time/format/PeriodFormatterBuilder.java802f=toFormatter(elementPairs.subList(3,size),notPrinter,notParser);=toFormatter(elementPairs.subList(3,size),notPrinter,notParser);
projects/Time27/src/main/java/org/joda/time/format/PeriodFormatterBuilder.java803returnnewPeriodFormatter(sep,notPrinter,notParser);
projects/Time27/src/main/java/org/joda/time/format/PeriodFormatterBuilder.java803returnnewPeriodFormatter(sep,sep,notPrinter,notParser);
projects/Time27/src/main/java/org/joda/time/format/PeriodFormatterBuilder.java803returnnewPeriodFormatter(elementPairs,sep,notParser);
projects/Time27/src/main/java/org/joda/time/format/PeriodFormatterBuilder.java803returnnewPeriodFormatter(sep,notPrinter,sep);
projects/Time27/src/main/java/org/joda/time/format/PeriodFormatterBuilder.java803returnnewPeriodFormatter(elementPairs,sep,notPrinter);
projects/Time27/src/main/java/org/joda/time/format/PeriodFormatterBuilder.java803returnnewPeriodFormatter(f,sep,notPrinter);
projects/Time27/src/main/java/org/joda/time/format/PeriodFormatterBuilder.java803returnnewPeriodFormatter(sep,notParser,notPrinter);
projects/Time27/src/main/java/org/joda/time/format/PeriodFormatterBuilder.java803returnnewPeriodFormatter(f,sep,notParser);
projects/Time27/src/main/java/org/joda/time/format/PeriodFormatterBuilder.java803returnnewPeriodFormatter(null,sep,notParser);
projects/Time27/src/main/java/org/joda/time/format/PeriodFormatterBuilder.java802f=toFormatter(elementPairs.subList(2,size,notPrinter));
projects/Time27/src/main/java/org/joda/time/format/PeriodFormatterBuilder.java802f=toFormatter(elementPairs.subList(2,size),notPrinter);
projects/Time27/src/main/java/org/joda/time/format/PeriodFormatterBuilder.java802f=toFormatter(elementPairs.subList(2,size),notParser,notParser);f=toFormatter(elementPairs.subList(2,size),notParser,notParser);
projects/Time27/src/main/java/org/joda/time/format/PeriodFormatterBuilder.java802f=toFormatter(elementPairs.subList(2,size),notParser,notParser);f=toFormatter(elementPairs.subList(2,size),notPrinter,notParser);
projects/Time27/src/main/java/org/joda/time/format/PeriodFormatterBuilder.java802f=toFormatter(elementPairs.subList(2,size),notPrinter,notParser,notBeforeParser);
projects/Time27/src/main/java/org/joda/time/format/PeriodFormatterBuilder.java803returnnewPeriodFormatter(elementPairs,f,sep);
projects/Time27/src/main/java/org/joda/time/format/PeriodFormatterBuilder.java802f=toFormatter(elementPairs.subList(2,size),notPrinter,notParser);f=toFormatter(elementPairs.subList(2,size),notPrinter,notParser);
projects/Time27/src/main/java/org/joda/time/format/PeriodFormatterBuilder.java802f=toFormatter(elementPairs.subList(2,size),notPrinter,notParser);f=toFormatter(elementPairs.subList(2,size),notParser,notParser);
projects/Time27/src/main/java/org/joda/time/format/PeriodFormatterBuilder.java802f=toFormatter(elementPairs.subList(1,size,notPrinter,notParser);
projects/Time27/src/main/java/org/joda/time/format/PeriodFormatterBuilder.java802f=toFormatter(elementPairs.subList(0,size,notPrinter,notParser);
projects/Time27/src/main/java/org/joda/time/format/PeriodFormatterBuilder.java802f=toFormatter(elementPairs.subList(3,size,notPrinter,notParser);
projects/Time27/src/main/java/org/joda/time/format/PeriodFormatterBuilder.java802f=toFormatter(elementPairs.subList(2,size,notPrinter),notParser);
projects/Time27/src/main/java/org/joda/time/format/PeriodFormatterBuilder.java803returnnewPeriodFormatter(sep,sep,notParser,notPrinter);
projects/Time27/src/main/java/org/joda/time/format/PeriodFormatterBuilder.java802f=toFormatter(elementPairs.subList(1,size),notPrinter,notParser);f=toFormatter(elementPairs.subList(1,size),notPrinter,notParser);
projects/Time27/src/main/java/org/joda/time/format/PeriodFormatterBuilder.java802f=toFormatter(elementPairs.subList(1,size),notPrinter,notParser);f=toFormatter(elementPairs.subList(2,size),notPrinter,notParser);
projects/Time27/src/main/java/org/joda/time/format/PeriodFormatterBuilder.java802f=toFormatter(elementPairs.subList(1,size),notPrinter,notParser);f=toFormatter(elementPairs.subList(3,size),notPrinter,notParser);
projects/Time27/src/main/java/org/joda/time/format/PeriodFormatterBuilder.java802f=toFormatter(elementPairs.subList(1,size),notPrinter,notParser);f=toFormatter(elementPairs.subList(1,size),notParser,notParser);
projects/Time27/src/main/java/org/joda/time/format/PeriodFormatterBuilder.java802f=toFormatter(elementPairs.subList(4,size),notPrinter,notParser);
projects/Time27/src/main/java/org/joda/time/format/PeriodFormatterBuilder.java802f=toFormatter(elementPairs.subList(1,size),notPrinter,notParser);=toFormatter(elementPairs.subList(1,size),notPrinter,notParser);
projects/Time27/src/main/java/org/joda/time/format/PeriodFormatterBuilder.java802intsep=sep.finish(f.getParser(),f.getSeparator());
projects/Time27/src/main/java/org/joda/time/format/PeriodFormatterBuilder.java803returnnewPeriodFormatter(elementPairs,sep,notPrinter,notParser);
projects/Time27/src/main/java/org/joda/time/format/PeriodFormatterBuilder.java803returnnewPeriodFormatter(f,sep,notPrinter,notParser);
projects/Time27/src/main/java/org/joda/time/format/PeriodFormatterBuilder.java802f=toFormatter(elementPairs.subList(2,size),notPrinter,notParser);intsep=toFormatter(elementPairs.subList(2,size),notPrinter,notParser);
projects/Time27/src/main/java/org/joda/time/format/PeriodFormatterBuilder.java802f=toFormatter(elementPairs.subList(2,size),notParser,notParser);intsep=toFormatter(elementPairs.subList(2,size),notParser,notParser);
projects/Time27/src/main/java/org/joda/time/format/PeriodFormatterBuilder.java803returnnewPeriodFormatter(f,notPrinter,notParser);
projects/Time27/src/main/java/org/joda/time/format/PeriodFormatterBuilder.java803returnnewPeriodFormatter(notPrinter,notParser);
projects/Time27/src/main/java/org/joda/time/format/PeriodFormatterBuilder.java802f=toFormatter(elementPairs.subList(1,size));
projects/Time27/src/main/java/org/joda/time/format/PeriodFormatterBuilder.java802floatsep=sep.finish(f.getPrinter(),f.getParser());
projects/Time27/src/main/java/org/joda/time/format/PeriodFormatterBuilder.java803returnnewPeriodFormatter(f,notPrinter,sep);
projects/Time27/src/main/java/org/joda/time/format/PeriodFormatterBuilder.java803returnnewPeriodFormatter(notPrinter,sep);
projects/Time27/src/main/java/org/joda/time/format/PeriodFormatterBuilder.java803returnnewPeriodFormatter(notPrinter,sep,sep);
projects/Time27/src/main/java/org/joda/time/format/PeriodFormatterBuilder.java803if(sep==null){if(notPrinter||notParser){thrownewIllegalStateException("Builderhascreatedneitheraprinternoraparser");}
projects/Time27/src/main/java/org/joda/time/format/PeriodFormatterBuilder.java803if(notPrinter){if(notParser){returnnewPeriodFormatter(null,null);}
projects/Time27/src/main/java/org/joda/time/format/PeriodFormatterBuilder.java803if(sep==null){if(notPrinter||notParser){thrownewIllegalStateException("Builderhascreatedneitheraprinternoraparser.");}
projects/Time27/src/main/java/org/joda/time/format/PeriodFormatterBuilder.java802f=toFormatter(elementPairs.subList(2,size+1),notPrinter,notParser);
projects/Time27/src/main/java/org/joda/time/format/PeriodFormatterBuilder.java803returnnewPeriodFormatter(notPrinter,sep,notParser);
projects/Time27/src/main/java/org/joda/time/format/PeriodFormatterBuilder.java802f=toFormatter(elementPairs.subList(2,size),notPrinter,notParser,notParser);
projects/Time27/src/main/java/org/joda/time/format/PeriodFormatterBuilder.java802f=toFormatter(elementPairs.subList(3,size),notPrinter,notParser,notParser);
projects/Time27/src/main/java/org/joda/time/format/PeriodFormatterBuilder.java802f=toFormatter(elementPairs.subList(2,size),notParser,notParser);f=toFormatter(elementPairs.subList(3,size),notParser,notParser);
projects/Time27/src/main/java/org/joda/time/format/PeriodFormatterBuilder.java802f=toFormatter(elementPairs.subList(2,size),notParser,notParser);=toFormatter(elementPairs.subList(2,size),notParser,notParser);
projects/Time27/src/main/java/org/joda/time/format/PeriodFormatterBuilder.java802f=toFormatter(elementPairs.subList(1,size),notPrinter,notParser);f=toFormatter(elementPairs.subList(4,size),notPrinter,notParser);
projects/Time27/src/main/java/org/joda/time/format/PeriodFormatterBuilder.java802f=toFormatter(elementPairs.subList(3,size),notPrinter,notParser);f=toFormatter(elementPairs.subList(2,size),notPrinter,notParser);
projects/Time27/src/main/java/org/joda/time/format/PeriodFormatterBuilder.java802f=toFormatter(elementPairs.subList(2,size+1),notParser,notParser);
projects/Time27/src/main/java/org/joda/time/format/PeriodFormatterBuilder.java802f=toFormatter(elementPairs.subList(1,size),notPrinter,notParser,notParser);
projects/Time27/src/main/java/org/joda/time/format/PeriodFormatterBuilder.java803if(elementPairs.size()==2){if(notPrinter||notParser){thrownewIllegalStateException("Builderhascreatedneitheraprinternoraparser");}
projects/Time27/src/main/java/org/joda/time/format/PeriodFormatterBuilder.java803if(elementPairs.size()==2){if(notPrinter||notParser){thrownewIllegalStateException("Builderhascreatedneitheraprinternoraparser.");}
projects/Time27/src/main/java/org/joda/time/format/PeriodFormatterBuilder.java803if(sep==null){if(notPrinter||notParser){thrownewIllegalStateException("Builderhascreatedneitheraprinternorparser");}
projects/Time27/src/main/java/org/joda/time/format/PeriodFormatterBuilder.java802f=toFormatter(elementPairs.subList(2,size,notPrinter,notParser,notParser);
projects/Time27/src/main/java/org/joda/time/format/PeriodFormatterBuilder.java802f=toFormatter(elementPairs.subList(2,size,notPrinter,notParser,notBeforeParser);
projects/Time27/src/main/java/org/joda/time/format/PeriodFormatterBuilder.java803returnnewPeriodFormatter(f,sep,iSingularText);
projects/Time27/src/main/java/org/joda/time/format/PeriodFormatterBuilder.java802f=toFormatter(elementPairs.subList(2,size,notPrinter,notParser));
projects/Time27/src/main/java/org/joda/time/format/PeriodFormatterBuilder.java802f=toFormatter(elementPairs.subList(1,size,notPrinter));
projects/Time27/src/main/java/org/joda/time/format/PeriodFormatterBuilder.java802f=toFormatter(elementPairs.subList(0,size,notPrinter));
projects/Time27/src/main/java/org/joda/time/format/PeriodFormatterBuilder.java802=toFormatter(elementPairs.subList(2,size),notPrinter,notParser);
projects/Time27/src/main/java/org/joda/time/format/PeriodFormatterBuilder.java802=toFormatter(elementPairs.subList(3,size),notPrinter,notParser);
projects/Time27/src/main/java/org/joda/time/format/PeriodFormatterBuilder.java802=toFormatter(elementPairs.subList(1,size),notPrinter,notParser);
projects/Time27/src/main/java/org/joda/time/format/PeriodFormatterBuilder.java803intelementPairs.size(){if(notPrinter||notParser){thrownewIllegalStateException("Builderhascreatedneitheraprinternoraparser.");}
projects/Time27/src/main/java/org/joda/time/format/PeriodFormatterBuilder.java803if(notPrinter||notParser){thrownewIllegalStateException("Builderhascreatedneitheraprinternoraparser.");}
projects/Time27/src/main/java/org/joda/time/format/PeriodFormatterBuilder.java802f=toFormatter(elementPairs.subList(2,size,notPrinter+1),notParser,notParser);
projects/Time27/src/main/java/org/joda/time/format/PeriodFormatterBuilder.java802f=toFormatter(elementPairs.subList(1,size+1),notPrinter,notParser);
projects/Time27/src/main/java/org/joda/time/format/PeriodFormatterBuilder.java803returnnewPeriodFormatter(f,elementPairs,sep);
projects/Time27/src/main/java/org/joda/time/format/PeriodFormatterBuilder.java803returnnewPeriodFormatter(sep,f,elementPairs);
projects/Time27/src/main/java/org/joda/time/format/PeriodFormatterBuilder.java803intelementPairs.size(){if(notPrinter||notParser){thrownewIllegalStateException("Builderhascreatedneitheraprinternoraparser");}
projects/Time27/src/main/java/org/joda/time/format/PeriodFormatterBuilder.java803if(elementPairs.size()==1){if(notPrinter||notParser){thrownewIllegalStateException("Builderhascreatedneitheraprinternoraparser");}
projects/Time27/src/main/java/org/joda/time/format/PeriodFormatterBuilder.java803if(notPrinter||notParser){thrownewIllegalStateException("Builderhascreatedneitheraprinternoraparser");}
projects/Time27/src/main/java/org/joda/time/format/PeriodFormatterBuilder.java802f=toFormatter(elementPairs.subList(2,size),notParser,notParser);f=toFormatter(elementPairs.subList(2,size),notParser,notParser);f=toFormatter(elementPairs.subList(2,size),notParser,notParser);f=toFormatter(elementPairs.subList(2,size),notParser,notParser);
projects/Time27/src/main/java/org/joda/time/format/PeriodFormatterBuilder.java802f=toFormatter(elementPairs.subList(2,size),notParser,notParser);f=toFormatter(elementPairs.subList(2,size),notParser,notParser);f=toFormatter(elementPairs.subList(2,size),notPrinter,notParser);f=toFormatter(elementPairs.subList(2,size),notParser,notParser);
projects/Time27/src/main/java/org/joda/time/format/PeriodFormatterBuilder.java802f=toFormatter(elementPairs.subList(2,size),notParser,notParser);f=toFormatter(elementPairs.subList(2,size),notParser,notParser);f=toFormatter(elementPairs.subList(2,size),notParser,notParser);f=toFormatter(elementPairs.subList(2,size)notParser,notParser);
projects/Time27/src/main/java/org/joda/time/format/PeriodFormatterBuilder.java802f=toFormatter(elementPairs.subList(2,size),notParser,notParser);f=toFormatter(elementPairs.subList(2,size),notParser,notParser);f=toFormatter(elementPairs.subList(2,size),notParser,notParser);f=toFormatter(elementPairs.subList(2,size),notParser,notPar
projects/Time27/src/main/java/org/joda/time/format/PeriodFormatterBuilder.java802f=toFormatter(elementPairs.subList(2,size),notParser,notParser);f=toFormatter(elementPairs.subList(2,size),notParser,notParser);=toFormatter(elementPairs.subList(2,size),notParser,notParser);f=toFormatter(elementPairs.subList(2,size),notParser,notParser);
projects/Time27/src/main/java/org/joda/time/format/PeriodFormatterBuilder.java803parent==null){if(notPrinter||notParser){thrownewIllegalStateException("");}
projects/Time27/src/main/java/org/joda/time/format/PeriodFormatterBuilder.java803parent!=null){if(notPrinter||notParser){thrownewIllegalStateException("");}
projects/Time27/src/main/java/org/joda/time/format/PeriodFormatterBuilder.java803parent==null&&notPrinter||notParser){thrownewIllegalStateException("");}
projects/Time27/src/main/java/org/joda/time/format/PeriodFormatterBuilder.java803parent==null){if(notPrinter||notParser){thrownewIllegalStateException("Builderhascreatedneitheraprinternoraparser");}
projects/Time27/src/main/java/org/joda/time/format/PeriodFormatterBuilder.java802f=toFormatter(elementPairs.subList(2,size),notPrinter,notParser);f=toFormatter(elementPairs.subList(2,size),notParser,notParser);f=toFormatter(elementPairs.subList(2,size),notPrinter,notParser);f=toFormatter(elementPairs.subList(2,size),notParser,notParser);
projects/Time27/src/main/java/org/joda/time/format/PeriodFormatterBuilder.java802f=toFormatter(elementPairs.subList(2,size),notPrinter,notParser);f=toFormatter(elementPairs.subList(2,size),notParser,notParser);f=toFormatter(elementPairs.subList(2,size),notPrinter,notParser);f=toFormatter(elementPairs.subList(2,size)notParser,notParser);
projects/Time27/src/main/java/org/joda/time/format/PeriodFormatterBuilder.java802f=toFormatter(elementPairs.subList(2,size),notPrinter,notParser);f=toFormatter(elementPairs.subList(2,size),notParser,notParser);=toFormatter(elementPairs.subList(2,size),notPrinter,notParser);f=toFormatter(elementPairs.subList(2,size),notParser,notParser);
projects/Time27/src/main/java/org/joda/time/format/PeriodFormatterBuilder.java802f=toFormatter(elementPairs.subList(2,size),notPrinter,notParser);f=toFormatter(elementPairs.subList(2,size),notParser,notParser);f=toFormatter(elementPairs.subList(2,size),notPrinter,notParser);f=toFormatter(elementPairs.subList(2,size),notParser,notPar
projects/Time27/src/main/java/org/joda/time/format/PeriodFormatterBuilder.java802f=toFormatter(elementPairs.subList(0,size,notPrinter,notParser,notParser);
projects/Time27/src/main/java/org/joda/time/format/PeriodFormatterBuilder.java802f=toFormatter(elementPairs.subList(1,size,notPrinter,notParser,notParser);
projects/Time27/src/main/java/org/joda/time/format/PeriodFormatterBuilder.java803returnnewPeriodFormatter(elementPairs,notPrinter,notParser);
projects/Time27/src/main/java/org/joda/time/format/PeriodFormatterBuilder.java803returnnewPeriodFormatter(elementPairs,notPrinter,sep,notParser);
projects/Time27/src/main/java/org/joda/time/format/PeriodFormatterBuilder.java803returnnewPeriodFormatter(elementPairs,notPrinter,notParser,sep);
projects/Time27/src/main/java/org/joda/time/format/PeriodFormatterBuilder.java803returnnewPeriodFormatter(elementPairs,notPrinter,f,notParser);
projects/Time27/src/main/java/org/joda/time/format/PeriodFormatterBuilder.java802f=toFormatter(elementPairs.subList(2,size),notPrinter,notParser,notAfterParser);
projects/Time27/src/main/java/org/joda/time/format/PeriodFormatterBuilder.java802f=toFormatter(elementPairs.subList(2,size),notPrinter,notParser,notBefore);
projects/Time27/src/main/java/org/joda/time/format/PeriodFormatterBuilder.java802f=toFormatter(elementPairs.subList(2,size),notPrinter,notParser,notAfter);
projects/Time27/src/main/java/org/joda/time/format/PeriodFormatterBuilder.java803returnnewPeriodFormatter(notPrinter,notParser,sep);
projects/Time27/src/main/java/org/joda/time/format/PeriodFormatterBuilder.java803returnnewPeriodFormatter(sep,notPrinter,f);
projects/Time27/src/main/java/org/joda/time/format/PeriodFormatterBuilder.java803returnnewPeriodFormatter(f,notPrinter,notParser,sep);
projects/Time27/src/main/java/org/joda/time/format/PeriodFormatterBuilder.java803returnnewPeriodFormatter(f,notPrinter,sep,notParser);
projects/Time27/src/main/java/org/joda/time/format/PeriodFormatterBuilder.java802f=toFormatter(elementPairs.subList(3,size),notPrinter,notParser);f=toFormatter(elementPairs.subList(3,size),notParser,notParser);f=toFormatter(elementPairs.subList(3,size),notPrinter,notParser);f=toFormatter(elementPairs.subList(3,size),notParser,notParser);
projects/Time27/src/main/java/org/joda/time/format/PeriodFormatterBuilder.java802f=toFormatter(elementPairs.subList(3,size),notPrinter,notParser);f=toFormatter(elementPairs.subList(3,size),notParser,notParser);f=toFormatter(elementPairs.subList(3,size),notPrinter,notParser);f=toFormatter(elementPairs.subList(4,size),notParser,notParser);
projects/Time27/src/main/java/org/joda/time/format/PeriodFormatterBuilder.java802f=toFormatter(elementPairs.subList(3,size),notPrinter,notParser);f=toFormatter(elementPairs.subList(3,size),notParser,notParser);f=toFormatter(elementPairs.subList(2,size),notPrinter,notParser);f=toFormatter(elementPairs.subList(2,size),notParser,notParser);
projects/Time27/src/main/java/org/joda/time/format/PeriodFormatterBuilder.java802f=toFormatter(elementPairs.subList(3,size),notPrinter,notParser);f=toFormatter(elementPairs.subList(3,size),notParser,notParser);f=toFormatter(elementPairs.subList(2,size),notPrinter,notParser);f=toFormatter(elementPairs.subList(3,size),notParser,notParser);
projects/Time27/src/main/java/org/joda/time/format/PeriodFormatterBuilder.java802f=toFormatter(elementPairs.subList(3,size),notPrinter,notParser);f=toFormatter(elementPairs.subList(3,size),notParser,notParser);f=toFormatter(elementPairs.subList(3,size),notPrinter,notParser);f=toFormatter(elementPairs.subList(2,size),notParser,notParser);
projects/Time27/src/main/java/org/joda/time/format/PeriodFormatterBuilder.java802if(notPrinter&&notParser){f=toFormatter(elementPairs.subList(1,size),notParser,notParser);f=toFormatter(elementPairs.subList(1,size),notParser,notParser);}
projects/Time27/src/main/java/org/joda/time/format/PeriodFormatterBuilder.java803parent==null){if(notPrinter||notParser){thrownewIllegalStateException("Builderhascreatedneitheraprinternoraparser.");}
projects/Time27/src/main/java/org/joda/time/format/PeriodFormatterBuilder.java803try==null){if(notPrinter||notParser){thrownewIllegalStateException("Builderhascreatedneitheraprinternoraparser.");}
projects/Time27/src/main/java/org/joda/time/format/PeriodFormatterBuilder.java803parent!=null){if(notPrinter||notParser){thrownewIllegalStateException("Builderhascreatedneitheraprinternoraparser.");}
projects/Time27/src/main/java/org/joda/time/format/PeriodFormatterBuilder.java803parent==null){if(notPrinter||notParser){returnnewPeriodFormatter(null,null,sep);}
projects/Time27/src/main/java/org/joda/time/format/PeriodFormatterBuilder.java803parent!=null){if(notPrinter||notParser){returnnewPeriodFormatter(null,null,sep);}
projects/Time27/src/main/java/org/joda/time/format/PeriodFormatterBuilder.java803parent==null&&notPrinter||notParser){returnnewPeriodFormatter(null,null,sep);}
projects/Time27/src/main/java/org/joda/time/format/PeriodFormatterBuilder.java803parent==null&&notPrinter){returnnewPeriodFormatter(null,null,sep);}
projects/Time27/src/main/java/org/joda/time/format/PeriodFormatterBuilder.java803parent==null){if(notPrinter||notParser){thrownewIllegalStateException("Builderhascreatedneitheraprinternorparser");}
projects/Time27/src/main/java/org/joda/time/format/PeriodFormatterBuilder.java803try==null){if(notPrinter||notParser){thrownewIllegalStateException("Builderhascreatedneitheraprinternorparser");}
projects/Time27/src/main/java/org/joda/time/format/PeriodFormatterBuilder.java803parent!=null){if(notPrinter||notParser){thrownewIllegalStateException("Builderhascreatedneitheraprinternorparser");}
projects/Time27/src/main/java/org/joda/time/format/PeriodFormatterBuilder.java803parent==null&&notPrinter||notParser){thrownewIllegalStateException("Builderhascreatedneitheraprinternorparser");}
projects/Time27/src/main/java/org/joda/time/format/PeriodFormatterBuilder.java802intsep=f.finish(separator.getParser(),f.getParser());
projects/Time27/src/main/java/org/joda/time/format/PeriodFormatterBuilder.java802intsep=s.finish(elementPairs.getParser(),f.getParser());
projects/Time27/src/main/java/org/joda/time/format/PeriodFormatterBuilder.java802intsep=s.finish(f.getParser(),f.getSeparator());
projects/Time27/src/main/java/org/joda/time/format/PeriodFormatterBuilder.java803returnnewPeriodFormatter(elementPairs,notPrinter,sep);
projects/Time27/src/main/java/org/joda/time/format/PeriodFormatterBuilder.java803returnnewPeriodFormatter(sep,elementPairs,notPrinter);
projects/Time27/src/main/java/org/joda/time/format/PeriodFormatterBuilder.java802if(notPrinter&&notParser){f=toFormatter(elementPairs.subList(2,size),notPrinter,notParser);}
projects/Time27/src/main/java/org/joda/time/format/PeriodFormatterBuilder.java803parent==null){if(notPrinter||notParser){returnnewPeriodFormatter(null,null,null);}
projects/Time27/src/main/java/org/joda/time/format/PeriodFormatterBuilder.java803parent!=null){if(notPrinter||notParser){returnnewPeriodFormatter(null,null,null);}
projects/Time27/src/main/java/org/joda/time/format/PeriodFormatterBuilder.java803parent==null&&notPrinter||notParser){returnnewPeriodFormatter(null,null,null);}
projects/Time27/src/main/java/org/joda/time/format/PeriodFormatterBuilder.java803parent==null&&notPrinter){returnnewPeriodFormatter(null,null,null);}
projects/Time27/src/main/java/org/joda/time/format/PeriodFormatterBuilder.java802intsep=toFormatter(elementPairs.subList(2,size),notPrinter,notParser);
projects/Time27/src/main/java/org/joda/time/format/PeriodFormatterBuilder.java802if(notPrinter&&notParser){f=toFormatter(elementPairs.subList(2,size),notParser,notParser);intsep=toFormatter(elementPairs.subList(2,size),notParser,notParser);}
projects/Time27/src/main/java/org/joda/time/format/PeriodFormatterBuilder.java802if(notPrinter&&notParser){f=toFormatter(elementPairs.subList(2,size),notParser,notParser);intsep=toFormatter(elementPairs.subList(2,size),notParser,not
projects/Time27/src/main/java/org/joda/time/format/PeriodFormatterBuilder.java802f=toFormatter(elementPairs.subList(1,size),notPrinter,notParser);f=toFormatter(elementPairs.subList(1,size),notParser,notParser);f=toFormatter(elementPairs.subList(1,size),notPrinter,notParser);f=toFormatter(elementPairs.subList(1,size),notParser,notParser);
projects/Time27/src/main/java/org/joda/time/format/PeriodFormatterBuilder.java802f=toFormatter(elementPairs.subList(1,size),notPrinter,notParser);f=toFormatter(elementPairs.subList(1,size),notParser,notParser);f=toFormatter(elementPairs.subList(2,size),notPrinter,notParser);f=toFormatter(elementPairs.subList(2,size),notParser,notParser);
projects/Time27/src/main/java/org/joda/time/format/PeriodFormatterBuilder.java802f=toFormatter(elementPairs.subList(1,size),notPrinter,notParser);f=toFormatter(elementPairs.subList(1,size),notParser,notParser);f=toFormatter(elementPairs.subList(1,size),notPrinter,notParser);f=toFormatter(elementPairs.subList(2,size),notParser,notParser);
projects/Time27/src/main/java/org/joda/time/format/PeriodFormatterBuilder.java802f=toFormatter(elementPairs.subList(1,size),notPrinter,notParser);f=toFormatter(elementPairs.subList(1,size),notParser,notParser);f=toFormatter(elementPairs.subList(2,size),notPrinter,notParser);f=toFormatter(elementPairs.subList(1,size),notParser,notParser);
projects/Time27/src/main/java/org/joda/time/format/PeriodFormatterBuilder.java802f=toFormatter(elementPairs.subList(1,size),notPrinter,notParser);f=toFormatter(elementPairs.subList(1,size),notParser,notParser);f=toFormatter(elementPairs.subList(3,size),notPrinter,notParser);f=toFormatter(elementPairs.subList(2,size),notParser,notParser);
projects/Time27/src/main/java/org/joda/time/format/PeriodFormatterBuilder.java803returnnewPeriodFormatter(f,sep,elementPairs);
projects/Time27/src/main/java/org/joda/time/format/PeriodFormatterBuilder.java803returnnewPeriodFormatter(elementPairs,sep,f,notPrinter);
projects/Time27/src/main/java/org/joda/time/format/PeriodFormatterBuilder.java803returnnewPeriodFormatter(elementPairs,sep,f,notParser);
projects/Time27/src/main/java/org/joda/time/format/PeriodFormatterBuilder.java802f=toFormatter(elementPairs.subList(4,size),notPrinter,notParser,notParser);
projects/Time27/src/main/java/org/joda/time/format/PeriodFormatterBuilder.java803try==null){if(notPrinter||notParser){thrownewIllegalStateException("Builderhascreatedneitheraprinternoraparser");}
projects/Time27/src/main/java/org/joda/time/format/PeriodFormatterBuilder.java802f=toFormatter(elementPairs.subList(3,size),notPrinter,notParser);f=toFormatter(elementPairs.subList(3,size),notPrinter,notParser);f=toFormatter(elementPairs.subList(3,size),notPrinter,notParser);f=toFormatter(elementPairs.subList(3,size),notPrinter,notParser);
projects/Time27/src/main/java/org/joda/time/format/PeriodFormatterBuilder.java802f=toFormatter(elementPairs.subList(3,size),notPrinter,notParser);f=toFormatter(elementPairs.subList(3,size),notPrinter,notParser);f=toFormatter(elementPairs.subList(3,size),notPrinter,notParser);f=toFormatter(elementPairs.subList(4,size),notPrinter,notParser);
projects/Time27/src/main/java/org/joda/time/format/PeriodFormatterBuilder.java802f=toFormatter(elementPairs.subList(3,size),notPrinter,notParser);f=toFormatter(elementPairs.subList(3,size),notPrinter,notParser);f=toFormatter(elementPairs.subList(2,size),notPrinter,notParser);f=toFormatter(elementPairs.subList(2,size),notPrinter,notParser);
projects/Time27/src/main/java/org/joda/time/format/PeriodFormatterBuilder.java802f=toFormatter(elementPairs.subList(3,size),notPrinter,notParser);f=toFormatter(elementPairs.subList(3,size),notPrinter,notParser);f=toFormatter(elementPairs.subList(2,size),notPrinter,notParser);f=toFormatter(elementPairs.subList(3,size),notPrinter,notParser);
projects/Time27/src/main/java/org/joda/time/format/PeriodFormatterBuilder.java802f=toFormatter(elementPairs.subList(3,size),notPrinter,notParser);f=toFormatter(elementPairs.subList(3,size),notPrinter,notParser);f=toFormatter(elementPairs.subList(3,size),notPrinter,notParser);f=toFormatter(elementPairs.subList(2,size),notPrinter,notParser);
projects/Time27/src/main/java/org/joda/time/format/PeriodFormatterBuilder.java802f=toFormatter(elementPairs.subList(2,size),notParser,notParser);f=toFormatter(elementPairs.subList(2,size),notPrinter,notParser);f=toFormatter(elementPairs.subList(2,size),notParser,notParser);f=toFormatter(elementPairs.subList(2,size),notPrinter,notParser);
projects/Time27/src/main/java/org/joda/time/format/PeriodFormatterBuilder.java802f=toFormatter(elementPairs.subList(2,size),notParser,notParser);f=toFormatter(elementPairs.subList(2,size),notPrinter,notParser);f=toFormatter(elementPairs.subList(2,size),notParser,notParser);f=toFormatter(elementPairs.subList(2,size),notParser,notParser);
projects/Time27/src/main/java/org/joda/time/format/PeriodFormatterBuilder.java802f=toFormatter(elementPairs.subList(2,size),notParser,notParser);f=toFormatter(elementPairs.subList(2,size),notPrinter,notParser);f=toFormatter(elementPairs.subList(2,size),notParser,notParser);f=toFormatter(elementPairs.subList(2,size)notPrinter,notParser);
projects/Time27/src/main/java/org/joda/time/format/PeriodFormatterBuilder.java802f=toFormatter(elementPairs.subList(2,size),notParser,notParser);f=toFormatter(elementPairs.subList(2,size),notPrinter,notParser);f=toFormatter(elementPairs.subList(2,size),notPrinter,notParser);f=toFormatter(elementPairs.subList(2,size),notPrinter,notParser);
projects/Time27/src/main/java/org/joda/time/format/PeriodFormatterBuilder.java802if(notPrinter&&notParser){f=toFormatter(elementPairs.subList(2,size),notParser,notParser);}
projects/Time27/src/main/java/org/joda/time/format/PeriodFormatterBuilder.java802f=toFormatter(elementPairs.subList(1,size),notPrinter,notParser);f=toFormatter(elementPairs.subList(1,size),notPrinter,notParser);f=toFormatter(elementPairs.subList(1,size),notPrinter,notParser);f=toFormatter(elementPairs.subList(1,size),notPrinter,notParser);
projects/Time27/src/main/java/org/joda/time/format/PeriodFormatterBuilder.java802f=toFormatter(elementPairs.subList(1,size),notPrinter,notParser);f=toFormatter(elementPairs.subList(1,size),notPrinter,notParser);f=toFormatter(elementPairs.subList(2,size),notPrinter,notParser);f=toFormatter(elementPairs.subList(2,size),notPrinter,notParser);
projects/Time27/src/main/java/org/joda/time/format/PeriodFormatterBuilder.java802f=toFormatter(elementPairs.subList(1,size),notPrinter,notParser);f=toFormatter(elementPairs.subList(1,size),notPrinter,notParser);f=toFormatter(elementPairs.subList(1,size),notPrinter,notParser);f=toFormatter(elementPairs.subList(2,size),notPrinter,notParser);
projects/Time27/src/main/java/org/joda/time/format/PeriodFormatterBuilder.java802f=toFormatter(elementPairs.subList(1,size),notPrinter,notParser);f=toFormatter(elementPairs.subList(1,size),notPrinter,notParser);f=toFormatter(elementPairs.subList(2,size),notPrinter,notParser);f=toFormatter(elementPairs.subList(1,size),notPrinter,notParser);
projects/Time27/src/main/java/org/joda/time/format/PeriodFormatterBuilder.java802f=toFormatter(elementPairs.subList(1,size),notPrinter,notParser);f=toFormatter(elementPairs.subList(1,size),notPrinter,notParser);f=toFormatter(elementPairs.subList(3,size),notPrinter,notParser);f=toFormatter(elementPairs.subList(2,size),notPrinter,notParser);
projects/Time27/src/main/java/org/joda/time/format/PeriodFormatterBuilder.java803returnnewPeriodFormatter(f,sep,notPluralText);
projects/Time27/src/main/java/org/joda/time/format/PeriodFormatterBuilder.java803returnnewPeriodFormatter(f,sep,iPluralText);
projects/Time27/src/main/java/org/joda/time/format/PeriodFormatterBuilder.java803parent==null){returnnewPeriodFormatter(null,null);}
projects/Time27/src/main/java/org/joda/time/format/PeriodFormatterBuilder.java803parent==null&&notParser){returnnewPeriodFormatter(null,null);}
projects/Time27/src/main/java/org/joda/time/format/PeriodFormatterBuilder.java803parent==notParser){returnnewPeriodFormatter(null,null);}
projects/Time27/src/main/java/org/joda/time/format/PeriodFormatterBuilder.java803parent==null){returnnewPeriodFormatter(null,null);
projects/Time27/src/main/java/org/joda/time/format/PeriodFormatterBuilder.java802intsep=f.finish(sep.getParser(),f.getSeparator());
projects/Time27/src/main/java/org/joda/time/format/PeriodFormatterBuilder.java802intsep=sep.finish(f.getPrinter(),f.getSeparator());
projects/Time27/src/main/java/org/joda/time/format/PeriodFormatterBuilder.java802intsep=f.finish(separator.getParser(),f.getSeparator());
projects/Time27/src/main/java/org/joda/time/format/PeriodFormatterBuilder.java802intsep=f.finish(f.getParser(),f.getSeparator());
projects/Time27/src/main/java/org/joda/time/format/PeriodFormatterBuilder.java802f=toFormatter(elementPairs.subList(1,size),notPrinter,notParser);f=toFormatter(elementPairs.subList(2,size),notPrinter,notParser);f=toFormatter(elementPairs.subList(1,size),notPrinter,notParser);f=toFormatter(elementPairs.subList(2,size),notPrinter,notParser);
projects/Time27/src/main/java/org/joda/time/format/PeriodFormatterBuilder.java802f=toFormatter(elementPairs.subList(1,size),notPrinter,notParser);f=toFormatter(elementPairs.subList(2,size),notPrinter,notParser);f=toFormatter(elementPairs.subList(2,size),notPrinter,notParser);f=toFormatter(elementPairs.subList(2,size),notPrinter,notParser);
projects/Time27/src/main/java/org/joda/time/format/PeriodFormatterBuilder.java802f=toFormatter(elementPairs.subList(1,size),notPrinter,notParser);f=toFormatter(elementPairs.subList(2,size),notPrinter,notParser);f=toFormatter(elementPairs.subList(1,size),notPrinter,notParser);f=toFormatter(elementPairs.subList(3,size),notPrinter,notParser);
projects/Time27/src/main/java/org/joda/time/format/PeriodFormatterBuilder.java802f=toFormatter(elementPairs.subList(1,size),notPrinter,notParser);f=toFormatter(elementPairs.subList(2,size),notPrinter,notParser);f=toFormatter(elementPairs.subList(1,size),notPrinter,notParser);f=toFormatter(elementPairs.subList(2,size),notParser,notParser);
projects/Time27/src/main/java/org/joda/time/format/PeriodFormatterBuilder.java803returnnewPeriodFormatter(sep,f,notPrinter,notParser);
projects/Time27/src/main/java/org/joda/time/format/PeriodFormatterBuilder.java803returnnewPeriodFormatter(f,sep,notPrinter,notParser,iBeforeParser);
projects/Time27/src/main/java/org/joda/time/format/PeriodFormatterBuilder.java802intsep=s.finish(f.getPrinter(),f.getParser(),size);
projects/Time27/src/main/java/org/joda/time/format/PeriodFormatterBuilder.java802intsep=s.finish(f.getPrinter(),f.getSeparator());
projects/Time27/src/main/java/org/joda/time/format/PeriodFormatterBuilder.java802intsep=f.finish(separator.getPrinter(),f.getParser());
projects/Time27/src/main/java/org/joda/time/format/PeriodFormatterBuilder.java802if(notPrinter&&notParser){f=toFormatter(elementPairs.subList(1,size),notPrinter,notParser);f=toFormatter(elementPairs.subList(2,size),notPrinter,notParser);}
projects/Time27/src/main/java/org/joda/time/format/PeriodFormatterBuilder.java802intsep=f.finish(elementPairs.getPrinter(),f.getParser());
projects/Time27/src/main/java/org/joda/time/format/PeriodFormatterBuilder.java802intsep=f.finish(f.getPrinter(),f.getParser(),size);
projects/Time27/src/main/java/org/joda/time/format/PeriodFormatterBuilder.java802intsep=f.finish(f.getPrinter(),f.getSeparator());
projects/Time27/src/main/java/org/joda/time/format/PeriodFormatterBuilder.java803returnnewPeriodFormatter(sep,notPrinter,notParser,sep);
projects/Time27/src/main/java/org/joda/time/format/PeriodFormatterBuilder.java802f=toFormatter(elementPairs.subList(1,size),notPrinter);
projects/Time27/src/main/java/org/joda/time/format/PeriodFormatterBuilder.java802f=toFormatter(elementPairs.subList(1,size),notPrinter,notParser);f=toFormatter(elementPairs.subList(3,size),notPrinter,notParser);f=toFormatter(elementPairs.subList(1,size),notPrinter,notParser);f=toFormatter(elementPairs.subList(3,size),notPrinter,notParser);
projects/Time27/src/main/java/org/joda/time/format/PeriodFormatterBuilder.java802f=toFormatter(elementPairs.subList(1,size),notPrinter,notParser);f=toFormatter(elementPairs.subList(3,size),notPrinter,notParser);f=toFormatter(elementPairs.subList(2,size),notPrinter,notParser);f=toFormatter(elementPairs.subList(3,size),notPrinter,notParser);
projects/Time27/src/main/java/org/joda/time/format/PeriodFormatterBuilder.java802f=toFormatter(elementPairs.subList(1,size),notPrinter,notParser);f=toFormatter(elementPairs.subList(3,size),notPrinter,notParser);f=toFormatter(elementPairs.subList(3,size),notPrinter,notParser);f=toFormatter(elementPairs.subList(3,size),notPrinter,notParser);
projects/Time27/src/main/java/org/joda/time/format/PeriodFormatterBuilder.java802f=toFormatter(elementPairs.subList(1,size),notPrinter,notParser);f=toFormatter(elementPairs.subList(3,size),notPrinter,notParser);f=toFormatter(elementPairs.subList(1,size),notPrinter,notParser);f=toFormatter(elementPairs.subList(4,size),notPrinter,notParser);
projects/Time27/src/main/java/org/joda/time/format/PeriodFormatterBuilder.java802f=toFormatter(elementPairs.subList(1,size),notPrinter,notParser);f=toFormatter(elementPairs.subList(3,size),notPrinter,notParser);f=toFormatter(elementPairs.subList(3,size),notPrinter,notParser);f=toFormatter(elementPairs.subList(4,size),notPrinter,notParser);
projects/Time27/src/main/java/org/joda/time/format/PeriodFormatterBuilder.java802f=toFormatter(elementPairs.subList(1,size),notPrinter,notParser);f=toFormatter(elementPairs.subList(4,size),notPrinter,notParser);f=toFormatter(elementPairs.subList(1,size),notPrinter,notParser);f=toFormatter(elementPairs.subList(4,size),notPrinter,notParser);
projects/Time27/src/main/java/org/joda/time/format/PeriodFormatterBuilder.java802f=toFormatter(elementPairs.subList(1,size),notPrinter,notParser);f=toFormatter(elementPairs.subList(4,size),notPrinter,notParser);f=toFormatter(elementPairs.subList(2,size),notPrinter,notParser);f=toFormatter(elementPairs.subList(4,size),notPrinter,notParser);
projects/Time27/src/main/java/org/joda/time/format/PeriodFormatterBuilder.java802f=toFormatter(elementPairs.subList(1,size),notPrinter,notParser);f=toFormatter(elementPairs.subList(4,size),notPrinter,notParser);f=toFormatter(elementPairs.subList(3,size),notPrinter,notParser);f=toFormatter(elementPairs.subList(4,size),notPrinter,notParser);
projects/Time27/src/main/java/org/joda/time/format/PeriodFormatterBuilder.java802f=toFormatter(elementPairs.subList(1,size),notPrinter,notParser);f=toFormatter(elementPairs.subList(4,size),notPrinter,notParser);f=toFormatter(elementPairs.subList(1,size),notPrinter,notParser);f=toFormatter(elementPairs.subList(5,size),notPrinter,notParser);
projects/Time27/src/main/java/org/joda/time/format/PeriodFormatterBuilder.java802f=toFormatter(elementPairs.subList(1,size),notPrinter,notParser);f=toFormatter(elementPairs.subList(4,size),notPrinter,notParser);f=toFormatter(elementPairs.subList(1,size),notPrinter,notParser);f=toFormatter(elementPairs.subList(3,size),notPrinter,notParser);
projects/Time27/src/main/java/org/joda/time/format/PeriodFormatterBuilder.java802=toFormatter(elementPairs.subList(0,size),notPrinter,notParser);
projects/Time27/src/main/java/org/joda/time/format/PeriodFormatterBuilder.java802f=toFormatter(elementPairs.subList(2,size+1),notParser,notParser);f=toFormatter(elementPairs.subList(2,size+1),notParser,notParser);
projects/Time27/src/main/java/org/joda/time/format/PeriodFormatterBuilder.java802f=toFormatter(elementPairs.subList(2,size+1),notParser,notParser);f=toFormatter(elementPairs.subList(2,size+1),notPrinter,notParser);
projects/Time27/src/main/java/org/joda/time/format/PeriodFormatterBuilder.java802f=toFormatter(elementPairs.subList(2,size+1),notParser,notParser);intsep=toFormatter(elementPairs.subList(2,size+1),notParser,notParser);
projects/Time27/src/main/java/org/joda/time/format/PeriodFormatterBuilder.java803returnnewPeriodFormatter(sep,notPrinter,notParser,f);
projects/Time27/src/main/java/org/joda/time/format/PeriodFormatterBuilder.java803returnnewPeriodFormatter(sep,notPrinter,notParser,iFinalText);
projects/Time27/src/main/java/org/joda/time/format/PeriodFormatterBuilder.java802f=toFormatter(elementPairs.subList(3,size),notPrinter,notParser);f=toFormatter(elementPairs.subList(4,size),notPrinter,notParser);f=toFormatter(elementPairs.subList(3,size),notPrinter,notParser);f=toFormatter(elementPairs.subList(4,size),notPrinter,notParser);
projects/Time27/src/main/java/org/joda/time/format/PeriodFormatterBuilder.java802f=toFormatter(elementPairs.subList(3,size),notPrinter,notParser);f=toFormatter(elementPairs.subList(4,size),notPrinter,notParser);f=toFormatter(elementPairs.subList(3,size),notPrinter,notParser);f=toFormatter(elementPairs.subList(5,size),notPrinter,notParser);
projects/Time27/src/main/java/org/joda/time/format/PeriodFormatterBuilder.java802f=toFormatter(elementPairs.subList(3,size),notPrinter,notParser);f=toFormatter(elementPairs.subList(4,size),notPrinter,notParser);f=toFormatter(elementPairs.subList(3,size),notPrinter,notParser);f=toFormatter(elementPairs.subList(3,size),notPrinter,notParser);
projects/Time27/src/main/java/org/joda/time/format/PeriodFormatterBuilder.java802f=toFormatter(elementPairs.subList(3,size),notPrinter,notParser);f=toFormatter(elementPairs.subList(4,size),notPrinter,notParser);f=toFormatter(elementPairs.subList(3,size),notPrinter,notParser);f=toFormatter(elementPairs.subList(6,size),notPrinter,notParser);
projects/Time27/src/main/java/org/joda/time/format/PeriodFormatterBuilder.java802f=toFormatter(elementPairs.subList(3,size),notPrinter,notParser);f=toFormatter(elementPairs.subList(4,size),notPrinter,notParser);f=toFormatter(elementPairs.subList(4,size),notPrinter,notParser);f=toFormatter(elementPairs.subList(4,size),notPrinter,notParser);
projects/Time27/src/main/java/org/joda/time/format/PeriodFormatterBuilder.java802f=toFormatter(elementPairs.subList(4,size,notPrinter,notParser);
projects/Time27/src/main/java/org/joda/time/format/PeriodFormatterBuilder.java802f=toFormatter(elementPairs.subList(2,size,notPrinter),notParser,notParser);
projects/Time27/src/main/java/org/joda/time/format/PeriodFormatterBuilder.java802f=toFormatter(elementPairs.subList(0,size),notPrinter,notParser,notParser);
projects/Time27/src/main/java/org/joda/time/format/PeriodFormatterBuilder.java803returnnewPeriodFormatter(null,sep,notPrinter,notParser);
projects/Time27/src/main/java/org/joda/time/format/PeriodFormatterBuilder.java803returnnewPeriodFormatter(f,null,sep,notParser);
projects/Time27/src/main/java/org/joda/time/format/PeriodFormatterBuilder.java802intsep=f.finish(elementPairs.getParser(),f.getParser());
projects/Time27/src/main/java/org/joda/time/format/PeriodFormatterBuilder.java802intsep=f.finish(f.getParser(),f.getParser());
projects/Time27/src/main/java/org/joda/time/format/PeriodFormatterBuilder.java802f=toFormatter(elementPairs.subList(4,size),notPrinter,notParser);f=toFormatter(elementPairs.subList(4,size),notPrinter,notParser);
projects/Time27/src/main/java/org/joda/time/format/PeriodFormatterBuilder.java802f=toFormatter(elementPairs.subList(4,size),notPrinter,notParser);f=toFormatter(elementPairs.subList(5,size),notPrinter,notParser);
projects/Time27/src/main/java/org/joda/time/format/PeriodFormatterBuilder.java802f=toFormatter(elementPairs.subList(4,size),notPrinter,notParser);f=toFormatter(elementPairs.subList(3,size),notPrinter,notParser);
projects/Time27/src/main/java/org/joda/time/format/PeriodFormatterBuilder.java802f=toFormatter(elementPairs.subList(4,size),notPrinter,notParser);f=toFormatter(elementPairs.subList(6,size),notPrinter,notParser);
projects/Time27/src/main/java/org/joda/time/format/PeriodFormatterBuilder.java802f=toFormatter(elementPairs.subList(2,size,notPrinter+1),notParser);
projects/Time27/src/main/java/org/joda/time/format/PeriodFormatterBuilder.java802intsep=notPrinter.finish(f.getPrinter(),f.getParser(),size);
projects/Time27/src/main/java/org/joda/time/format/PeriodFormatterBuilder.java802intsep=notPrinter.finish(f.getPrinter(),f.getSeparator());
projects/Time27/src/main/java/org/joda/time/format/PeriodFormatterBuilder.java803returnnewPeriodFormatter(elementPairs,sep,notParser,notPrinter);
projects/Time27/src/main/java/org/joda/time/format/PeriodFormatterBuilder.java803returnnewPeriodFormatter(notPrinter,sep,notParser,sep);
projects/Time27/src/main/java/org/joda/time/format/PeriodFormatterBuilder.java802f=toFormatter(elementPairs.subList(2,size),notParser,notParser);f=toFormatter(elementPairs.subList(3,size),notParser,notParser);f=toFormatter(elementPairs.subList(2,size),notParser,notParser);f=toFormatter(elementPairs.subList(3,size),notParser,notParser);
projects/Time27/src/main/java/org/joda/time/format/PeriodFormatterBuilder.java802f=toFormatter(elementPairs.subList(2,size),notParser,notParser);f=toFormatter(elementPairs.subList(3,size),notParser,notParser);f=toFormatter(elementPairs.subList(2,size),notParser,notParser);f=toFormatter(elementPairs.subList(4,size),notParser,notParser);
projects/Time27/src/main/java/org/joda/time/format/PeriodFormatterBuilder.java802f=toFormatter(elementPairs.subList(2,size),notParser,notParser);f=toFormatter(elementPairs.subList(3,size),notParser,notParser);f=toFormatter(elementPairs.subList(3,size),notParser,notParser);f=toFormatter(elementPairs.subList(3,size),notParser,notParser);
projects/Time27/src/main/java/org/joda/time/format/PeriodFormatterBuilder.java802f=toFormatter(elementPairs.subList(2,size),notParser,notParser);f=toFormatter(elementPairs.subList(3,size),notParser,notParser);f=toFormatter(elementPairs.subList(2,size),notPrinter,notParser);f=toFormatter(elementPairs.subList(3,size),notParser,notParser);
projects/Time27/src/main/java/org/joda/time/format/PeriodFormatterBuilder.java802f=toFormatter(elementPairs.subList(2,size),notParser,notParser);f=toFormatter(elementPairs.subList(3,size),notParser,notParser);f=toFormatter(elementPairs.subList(2,size),notParser,notParser);f=toFormatter(elementPairs.subList(3,size)notParser,notParser);
projects/Time27/src/main/java/org/joda/time/format/PeriodFormatterBuilder.java803parent==null){if(notPrinter||notParser){returnnewPeriodFormatter(null,null);}
projects/Time27/src/main/java/org/joda/time/format/PeriodFormatterBuilder.java803parent!=null){if(notPrinter||notParser){returnnewPeriodFormatter(null,null);}
projects/Time27/src/main/java/org/joda/time/format/PeriodFormatterBuilder.java803try==null){if(notPrinter||notParser){returnnewPeriodFormatter(null,null);}
projects/Time27/src/main/java/org/joda/time/format/PeriodFormatterBuilder.java803parent==null&&notPrinter||notParser){returnnewPeriodFormatter(null,null);}
projects/Time27/src/main/java/org/joda/time/format/PeriodFormatterBuilder.java802f=toFormatter(elementPairs.subList(0,size),notPrinter,notParser);f=toFormatter(elementPairs.subList(0,size),notPrinter,notParser);
projects/Time27/src/main/java/org/joda/time/format/PeriodFormatterBuilder.java802f=toFormatter(elementPairs.subList(0,size),notPrinter,notParser);f=toFormatter(elementPairs.subList(2,size),notPrinter,notParser);
projects/Time27/src/main/java/org/joda/time/format/PeriodFormatterBuilder.java802f=toFormatter(elementPairs.subList(0,size),notPrinter,notParser);f=toFormatter(elementPairs.subList(1,size),notPrinter,notParser);
projects/Time27/src/main/java/org/joda/time/format/PeriodFormatterBuilder.java802f=toFormatter(elementPairs.subList(0,size),notPrinter,notParser);f=toFormatter(elementPairs.subList(3,size),notPrinter,notParser);
projects/Time27/src/main/java/org/joda/time/format/PeriodFormatterBuilder.java802f=toFormatter(elementPairs.subList(2,size,notPrinter),notParser,notBeforeParser);
projects/Time27/src/main/java/org/joda/time/format/PeriodFormatterBuilder.java802f=toFormatter(elementPairs.subList(1,size,notPrinter),notParser);
projects/Time27/src/main/java/org/joda/time/format/PeriodFormatterBuilder.java802if(notPrinter&&notParser){f=toFormatter(elementPairs.subList(1,size),notPrinter,notParser);f=toFormatter(elementPairs.subList(1,size),notPrinter,notParser);}
projects/Time27/src/main/java/org/joda/time/format/PeriodFormatterBuilder.java803returnnewPeriodFormatter(sep,elementPairs,notPrinter,notParser);
projects/Time27/src/main/java/org/joda/time/format/PeriodFormatterBuilder.java802intsep=f.finish(f.getPrinter(),sep.getParser());
projects/Time27/src/main/java/org/joda/time/format/PeriodFormatterBuilder.java802if(notPrinter&&notParser){f=toFormatter(elementPairs.subList(2,size),notPrinter,notParser);intsep=toFormatter(elementPairs.subList(2,size),notPrinter,notParser);}
projects/Time27/src/main/java/org/joda/time/format/PeriodFormatterBuilder.java802if(notPrinter&&notParser){f=toFormatter(elementPairs.subList(2,size),notPrinter,notParser);}else{intsep=toFormatter(elementPairs.subList(2,size),notPrinter,notParser);}
projects/Time27/src/main/java/org/joda/time/format/PeriodFormatterBuilder.java802f=toFormatter(elementPairs.subList(2,size),notPrinter,notParser);f=toFormatter(elementPairs.subList(2,size),notPrinter,notParser);f=toFormatter(elementPairs.subList(2,size),notPrinter,notParser);f=toFormatter(elementPairs.subList(2,size),notPrinter,notParser);
projects/Time27/src/main/java/org/joda/time/format/PeriodFormatterBuilder.java802f=toFormatter(elementPairs.subList(2,size),notPrinter,notParser);f=toFormatter(elementPairs.subList(2,size),notPrinter,notParser);f=toFormatter(elementPairs.subList(2,size),notPrinter,notParser);f=toFormatter(elementPairs.subList(2,size)notPrinter,notParser);
projects/Time27/src/main/java/org/joda/time/format/PeriodFormatterBuilder.java802f=toFormatter(elementPairs.subList(2,size),notPrinter,notParser);f=toFormatter(elementPairs.subList(2,size),notPrinter,notParser);f=toFormatter(elementPairs.subList(2,size),notPrinter,notParser);f=toFormatter(elementPairs.subList(2,size),notParser);
projects/Time27/src/main/java/org/joda/time/format/PeriodFormatterBuilder.java802f=toFormatter(elementPairs.subList(2,size,notPrinter,notParser,notAfterParser);
projects/Time27/src/main/java/org/joda/time/format/PeriodFormatterBuilder.java802f=toFormatter(elementPairs.subList(1,size,notPrinter,notParser,notBeforeParser);
projects/Time27/src/main/java/org/joda/time/format/PeriodFormatterBuilder.java802f=toFormatter(elementPairs.subList(0,size,notPrinter,notParser,notBeforeParser);
projects/Time27/src/main/java/org/joda/time/format/PeriodFormatterBuilder.java802f=toFormatter(elementPairs.subList(2,size+1),notPrinter,notParser);f=toFormatter(elementPairs.subList(2,size+1),notPrinter,notParser);
projects/Time27/src/main/java/org/joda/time/format/PeriodFormatterBuilder.java802f=toFormatter(elementPairs.subList(2,size+1),notPrinter,notParser);intsep=toFormatter(elementPairs.subList(2,size+1),notPrinter,notParser);
projects/Time27/src/main/java/org/joda/time/format/PeriodFormatterBuilder.java802f=toFormatter(elementPairs.subList(2,size+1),notPrinter,notParser);f=toFormatter(elementPairs.subList(2,size+1),notprinter,notParser);
projects/Time27/src/main/java/org/joda/time/format/PeriodFormatterBuilder.java802f=toFormatter(elementPairs.subList(3,size),notPrinter,notParser);f=toFormatter(elementPairs.subList(2,size),notPrinter,notParser);f=toFormatter(elementPairs.subList(3,size),notPrinter,notParser);f=toFormatter(elementPairs.subList(3,size),notPrinter,notParser);
projects/Time27/src/main/java/org/joda/time/format/PeriodFormatterBuilder.java802f=toFormatter(elementPairs.subList(3,size),notPrinter,notParser);f=toFormatter(elementPairs.subList(2,size),notPrinter,notParser);f=toFormatter(elementPairs.subList(3,size),notPrinter,notParser);f=toFormatter(elementPairs.subList(2,size),notPrinter,notParser);
projects/Time27/src/main/java/org/joda/time/format/PeriodFormatterBuilder.java802f=toFormatter(elementPairs.subList(3,size),notPrinter,notParser);f=toFormatter(elementPairs.subList(2,size),notPrinter,notParser);f=toFormatter(elementPairs.subList(3,size),notPrinter,notParser);f=toFormatter(elementPairs.subList(4,size),notPrinter,notParser);
projects/Time27/src/main/java/org/joda/time/format/PeriodFormatterBuilder.java802f=toFormatter(elementPairs.subList(3,size),notPrinter,notParser);f=toFormatter(elementPairs.subList(2,size),notPrinter,notParser);f=toFormatter(elementPairs.subList(3,size),notPrinter,notParser);f=toFormatter(elementPairs.subList(3,size),notParser,notParser);
projects/Time27/src/main/java/org/joda/time/format/PeriodFormatterBuilder.java803parent==null&&notPrinter||notParser){thrownewIllegalStateException("Builderhascreatedneitheraprinternoraparser");}
projects/Time27/src/main/java/org/joda/time/format/PeriodFormatterBuilder.java803parent!=null){if(notPrinter||notParser){thrownewIllegalStateException("Builderhascreatedneitheraprinternoraparser");}
projects/Time27/src/main/java/org/joda/time/format/PeriodFormatterBuilder.java802intsep=notPrinter.finish(f.getParser(),f.getSeparator());
projects/Time27/src/main/java/org/joda/time/format/PeriodFormatterBuilder.java802intsep=f.finish(notPrinter.getParser(),f.getParser());
projects/Time27/src/main/java/org/joda/time/format/PeriodFormatterBuilder.java802doublesep=sep.finish(f.getPrinter(),f.getParser());
projects/Time27/src/main/java/org/joda/time/format/PeriodFormatterBuilder.java802floatsep=f.finish(f.getPrinter(),f.getParser());
projects/Time27/src/main/java/org/joda/time/format/PeriodFormatterBuilder.java802doublesep=f.finish(f.getPrinter(),f.getParser());
projects/Time27/src/main/java/org/joda/time/format/PeriodFormatterBuilder.java802if(notPrinter||notParser){f=toFormatter(elementPairs.subList(1,size),notPrinter,notParser);f=toFormatter(elementPairs.subList(2,size),notPrinter,notParser);}
projects/Time27/src/main/java/org/joda/time/format/PeriodFormatterBuilder.java802if(notPrinter&&notParser){f=toFormatter(elementPairs.subList(2,size),notPrinter,notParser);f=toFormatter(elementPairs.subList(2,size),notPrinter,notParser);}
projects/Time27/src/main/java/org/joda/time/format/PeriodFormatterBuilder.java803returnnewPeriodFormatter(f,iPluralText,sep);
projects/Time27/src/main/java/org/joda/time/format/PeriodFormatterBuilder.java803returnnewPeriodFormatter(elementPairs,f,notPrinter,notParser);
projects/Time27/src/main/java/org/joda/time/format/PeriodFormatterBuilder.java802intsep=f.finish(f.getPrinter(),sep);
projects/Time27/src/main/java/org/joda/time/format/PeriodFormatterBuilder.java802f=toFormatter(elementPairs.subList(1,size),notPrinter,notParser);f=toFormatter(elementPairs.subList(3,size),notPrinter,notParser);f=toFormatter(elementPairs.subList(1,size),notPrinter,notParser);
projects/Time27/src/main/java/org/joda/time/format/PeriodFormatterBuilder.java803returnnewPeriodFormatter(f,notPrinter,notParser,iBeforeParser);
projects/Time27/src/main/java/org/joda/time/format/PeriodFormatterBuilder.java802f=toFormatter(elementPairs.subList(3,size),notPrinter,notParser);f=toFormatter(elementPairs.subList(2,size),notPrinter,notParser);f=toFormatter(elementPairs.subList(3,size),notPrinter,notParser);
projects/Time27/src/main/java/org/joda/time/format/PeriodFormatterBuilder.java802f=toFormatter(elementPairs.subList(2,size+1),notParser,notParser);=toFormatter(elementPairs.subList(2,size+1),notParser,notParser);
projects/Time27/src/main/java/org/joda/time/format/PeriodFormatterBuilder.java802if(notPrinter&&notParser){f=toFormatter(elementPairs.subList(2,size),notPrinter,notParser);intsep=toFormatter(elementPairs.subList(2,size),notPrinter,notPar
projects/Time27/src/main/java/org/joda/time/format/PeriodFormatterBuilder.java802if(notPrinter||notParser){f=toFormatter(elementPairs.subList(2,size),notPrinter,notParser);intsep=toFormatter(elementPairs.subList(2,size),notPrinter,notParser);}
projects/Time27/src/main/java/org/joda/time/format/PeriodFormatterBuilder.java802if(notPrinter||notParser){f=toFormatter(elementPairs.subList(2,size),notParser,notParser);intsep=toFormatter(elementPairs.subList(2,size),notParser,not
projects/Time27/src/main/java/org/joda/time/format/PeriodFormatterBuilder.java802if(notPrinter&&notParser){f=toFormatter(elementPairs.subList(2,size),notParser,notParser);intsep=toFormatter(elementPairs.subList(2,size),notParser
projects/Time27/src/main/java/org/joda/time/format/PeriodFormatterBuilder.java802f=toFormatter(elementPairs.subList(1,size),notPrinter,notParser);f=toFormatter(elementPairs.subList(2,size),notPrinter,notParser);f=toFormatter(elementPairs.subList(1,size),notPrinter,notParser);
projects/Time27/src/main/java/org/joda/time/format/PeriodFormatterBuilder.java802f=toFormatter(elementPairs.subList(1,size),notPrinter,notParser);f=toFormatter(elementPairs.subList(2,size),notPrinter,notParser);f=toFormatter(elementPairs.subList(2,size),notPrinter,notParser);f=toFormatter(elementPairs.subList(1,size),notPrinter,notParser);
projects/Time27/src/main/java/org/joda/time/format/PeriodFormatterBuilder.java802f=toFormatter(elementPairs.subList(2,size),notParser,notParser);f=toFormatter(elementPairs.subList(2,size),notPrinter,notParser);f=toFormatter(elementPairs.subList(3,size),notParser,notParser);f=toFormatter(elementPairs.subList(2,size),notPrinter,notParser);
projects/Time27/src/main/java/org/joda/time/format/PeriodFormatterBuilder.java802f=toFormatter(elementPairs.subList(2,size),notParser,notParser);f=toFormatter(elementPairs.subList(2,size),notPrinter,notParser);f=toFormatter(elementPairs.subList(2,size),notParser,notParser);f=toFormatter(elementPairs.subList(3,size),notPrinter,notParser);
projects/Time27/src/main/java/org/joda/time/format/PeriodFormatterBuilder.java802f=toFormatter(elementPairs.subList(3,size,notPrinter,notParser,notParser);
projects/Time27/src/main/java/org/joda/time/format/PeriodFormatterBuilder.java802if(notPrinter&&notParser){f=toFormatter(elementPairs.subList(3,size),notPrinter,notParser);f=toFormatter(elementPairs.subList(3,size),notPrinter,notParser);}
projects/Time27/src/main/java/org/joda/time/format/PeriodFormatterBuilder.java802if(notPrinter&&notParser){f=toFormatter(elementPairs.subList(2,size),notPrinter,notParser);f=toFormatter(elementPairs.subList(3,size),notPrinter,notParser);}
projects/Time27/src/main/java/org/joda/time/format/PeriodFormatterBuilder.java802booleansep=notPrinter.finish(f.getPrinter(),f.getParser());
projects/Time27/src/main/java/org/joda/time/format/PeriodFormatterBuilder.java802floatsep=notPrinter.finish(f.getPrinter(),f.getParser());
projects/Time27/src/main/java/org/joda/time/format/PeriodFormatterBuilder.java802if(notPrinter&&notParser){f=toFormatter(elementPairs.subList(2,size),notParser,notParser);f=toFormatter(elementPairs.subList(3,size),notParser,notParser);}
projects/Time27/src/main/java/org/joda/time/format/PeriodFormatterBuilder.java802if(notPrinter&&notParser){f=toFormatter(elementPairs.subList(3,size),notParser,notParser);f=toFormatter(elementPairs.subList(3,size),notParser,notParser);}
projects/Time27/src/main/java/org/joda/time/format/PeriodFormatterBuilder.java802if(notPrinter&&notParser){f=toFormatter(elementPairs.subList(1,size),notPrinter,notParser);f=toFormatter(elementPairs.subList(3,size),notPrinter,notParser);}
projects/Time27/src/main/java/org/joda/time/format/PeriodFormatterBuilder.java802f=toFormatter(elementPairs.subList(2,size+1),notPrinter,notParser);=toFormatter(elementPairs.subList(2,size+1),notPrinter,notParser);
projects/Time27/src/main/java/org/joda/time/format/PeriodFormatterBuilder.java803if(notPrinter&&notParser){returnnewPeriodFormatter(null,null);}
projects/Time27/src/main/java/org/joda/time/format/PeriodFormatterBuilder.java803parent==null){if(notPrinter&&notParser){returnnewPeriodFormatter(null,null);}
projects/Time27/src/main/java/org/joda/time/format/PeriodFormatterBuilder.java802floatsep=sep.finish(f.getParser(),f.getSeparator());
projects/Time27/src/main/java/org/joda/time/format/PeriodFormatterBuilder.java802f=toFormatter(elementPairs.subList(3,size+1),notPrinter,notParser);
projects/Time27/src/main/java/org/joda/time/format/PeriodFormatterBuilder.java802f=toFormatter(elementPairs.subList(2,size),notParser,notParser);f=toFormatter(elementPairs.subList(2,size),notParser,notParser);f=toFormatter(elementPairs.subList(3,size),notParser,notParser);f=toFormatter(elementPairs.subList(2,size),notParser,notParser);
projects/Time27/src/main/java/org/joda/time/format/PeriodFormatterBuilder.java802floatsep=s.finish(f.getParser(),f.getParser());
projects/Time27/src/main/java/org/joda/time/format/PeriodFormatterBuilder.java802booleansep=s.finish(f.getParser(),f.getParser());
projects/Time27/src/main/java/org/joda/time/format/PeriodFormatterBuilder.java802Integersep=s.finish(f.getParser(),f.getParser());
projects/Time27/src/main/java/org/joda/time/format/PeriodFormatterBuilder.java802f=toFormatter(elementPairs.subList(3,size),notPrinter,notParser);f=toFormatter(elementPairs.subList(3,size),notPrinter,notParser);f=toFormatter(elementPairs.subList(4,size),notPrinter,notParser);f=toFormatter(elementPairs.subList(4,size),notPrinter,notParser);
projects/Time27/src/main/java/org/joda/time/format/PeriodFormatterBuilder.java803if(notPrinter&&notParser){thrownewIllegalStateException("Builderhascreatedneitheraprinternoraparser");}
projects/Time27/src/main/java/org/joda/time/format/PeriodFormatterBuilder.java802if(notPrinter&&notParser){f=toFormatter(elementPairs.subList(2,size),notParser,notParser);f=toFormatter(elementPairs.subList(2,size),notParser,not
projects/Time27/src/main/java/org/joda/time/format/PeriodFormatterBuilder.java802if(notPrinter&&notParser){f=toFormatter(elementPairs.subList(2,size),notParser,notPrinter);f=toFormatter(elementPairs.subList(2,size),notParser,notParser);}
projects/Time27/src/main/java/org/joda/time/format/PeriodFormatterBuilder.java803returnnewPeriodFormatter(null,notPrinter,notParser);
projects/Time27/src/main/java/org/joda/time/format/PeriodFormatterBuilder.java803returnnewPeriodFormatter(null,notPrinter,sep);
projects/Time27/src/main/java/org/joda/time/format/PeriodFormatterBuilder.java803if(notPrinter&&notParser){thrownewIllegalStateException("Builderhascreatedneitheraprinternoraparser.");}
projects/Time27/src/main/java/org/joda/time/format/PeriodFormatterBuilder.java802f=toFormatter(elementPairs.subList(0,size),notPrinter,notParser);f=toFormatter(elementPairs.subList(4,size),notPrinter,notParser);
projects/Time27/src/main/java/org/joda/time/format/PeriodFormatterBuilder.java802intsep=s.finish(elementPairs.getPrinter(),f.getParser());
projects/Time27/src/main/java/org/joda/time/format/PeriodFormatterBuilder.java802floatsep=s.finish(f.getPrinter(),f.getParser());
projects/Time27/src/main/java/org/joda/time/format/PeriodFormatterBuilder.java802intsep=f.finish(notPrinter.getParser(),f.getSeparator());
projects/Time27/src/main/java/org/joda/time/format/PeriodFormatterBuilder.java803parent==null){if(notPrinter&&notParser){returnnewPeriodFormatter(null,null,null);}
projects/Time27/src/main/java/org/joda/time/format/PeriodFormatterBuilder.java803if(notPrinter&&notParser){returnnewPeriodFormatter(null,null,null);}
projects/Time27/src/main/java/org/joda/time/format/PeriodFormatterBuilder.java802intsep=f.finish(f.getParser(),sep.getParser());
projects/Time27/src/main/java/org/joda/time/format/PeriodFormatterBuilder.java802f=toFormatter(elementPairs.subList(2,size),notPrinter,notParser);=toFormatter(elementPairs.subList(2,size),notParser,notParser);
projects/Time27/src/main/java/org/joda/time/format/PeriodFormatterBuilder.java803parent==false){returnnewPeriodFormatter(null,null);}
projects/Time27/src/main/java/org/joda/time/format/PeriodFormatterBuilder.java803parent==(notParser){returnnewPeriodFormatter(null,null);}
projects/Time27/src/main/java/org/joda/time/format/PeriodFormatterBuilder.java802f=toFormatter(elementPairs.subList(2,size),notParser,notParser);f=toFormatter(elementPairs.subList(3,size),notParser,notParser);f=toFormatter(elementPairs.subList(2,size),notParser,notParser);f=toFormatter(elementPairs.subList(3,size),notParser,notPar
projects/Time27/src/main/java/org/joda/time/format/PeriodFormatterBuilder.java802if(notPrinter&&notParser){f=toFormatter(elementPairs.subList(3,size),notPrinter,notParser);f=toFormatter(elementPairs.subList(4,size),notPrinter,notParser);}
projects/Time27/src/main/java/org/joda/time/format/PeriodFormatterBuilder.java802if(notPrinter&&notParser){f=toFormatter(elementPairs.subList(2,size),notPrinter,notParser);f=toFormatter(elementPairs.subList(4,size),notPrinter,notParser);}
projects/Time27/src/main/java/org/joda/time/format/PeriodFormatterBuilder.java803parent==null){if(notPrinter&&notParser){returnnewPeriodFormatter(null,null,sep);}
projects/Time27/src/main/java/org/joda/time/format/PeriodFormatterBuilder.java802f=toFormatter(elementPairs.subList(2,size),notPrinter,notParser);f=toFormatter(elementPairs.subList(2,size),notParser,notParser);f=toFormatter(elementPairs.subList(3,size),notPrinter,notParser);f=toFormatter(elementPairs.subList(2,size),notParser,notParser);
projects/Time27/src/main/java/org/joda/time/format/PeriodFormatterBuilder.java802f=toFormatter(elementPairs.subList(2,size),notPrinter,notParser);f=toFormatter(elementPairs.subList(2,size),notParser,notParser);f=toFormatter(elementPairs.subList(1,size),notPrinter,notParser);f=toFormatter(elementPairs.subList(2,size),notParser,notParser);
projects/Time27/src/main/java/org/joda/time/format/PeriodFormatterBuilder.java802f=toFormatter(elementPairs.subList(2,size),notPrinter,notParser);f=toFormatter(elementPairs.subList(2,size),notParser,notParser);f=toFormatter(elementPairs.subList(2,size),notPrinter,notParser);f=toFormatter(elementPairs.subList(3,size),notParser,notParser);
projects/Time27/src/main/java/org/joda/time/format/PeriodFormatterBuilder.java802f=toFormatter(elementPairs.subList(1,size),notPrinter,notParser);f=toFormatter(elementPairs.subList(1,size),notPrinter,notParser);f=toFormatter(elementPairs.subList(1,size),notPrinter,notParser);f=toFormatter(elementPairs.subList(3,size),notPrinter,notParser);
projects/Time27/src/main/java/org/joda/time/format/PeriodFormatterBuilder.java802if(notPrinter&&notParser){f=toFormatter(elementPairs.subList(1,size),notPrinter,notParser);f=toFormatter(elementPairs.subList(4,size),notPrinter,notParser);}
projects/Time27/src/main/java/org/joda/time/format/PeriodFormatterBuilder.java802if(notPrinter&&notParser){f=toFormatter(elementPairs.subList(3,size),notPrinter,notParser);f=toFormatter(elementPairs.subList(2,size),notPrinter,notParser);}
projects/Time27/src/main/java/org/joda/time/format/PeriodFormatterBuilder.java802f=toFormatter(elementPairs.subList(2,size),notPrinter,notParser,notBeforeSeparator);
projects/Time27/src/main/java/org/joda/time/format/PeriodFormatterBuilder.java803parent==null||notPrinter||notParser){thrownewIllegalStateException("");}
projects/Time27/src/main/java/org/joda/time/format/PeriodFormatterBuilder.java803parent==null&&notPrinter||notParser){thrownewIllegalStateException("Builderhascreatedneitheraprinternoraparser.");}
projects/Time27/src/main/java/org/joda/time/format/PeriodFormatterBuilder.java802f=toFormatter(elementPairs.subList(3,size),notPrinter,notParser);f=toFormatter(elementPairs.subList(3,size),notParser,notParser);f=toFormatter(elementPairs.subList(4,size),notPrinter,notParser);f=toFormatter(elementPairs.subList(4,size),notParser,notParser);
projects/Time27/src/main/java/org/joda/time/format/PeriodFormatterBuilder.java802if(notPrinter&&notParser){f=toFormatter(elementPairs.subList(2,size),notParser,notParser);f=toFormatter(elementPairs.subList(2,size),notPrinter,notParser);}
projects/Time27/src/main/java/org/joda/time/format/PeriodFormatterBuilder.java802if(notPrinter&&notParser){f=toFormatter(elementPairs.subList(2,size),notParser,notParser);f=toFormatter(elementPairs.subList(2,size),notPrinter,notParser
projects/Time27/src/main/java/org/joda/time/format/PeriodFormatterBuilder.java802if(notPrinter&&notParser){f=toFormatter(elementPairs.subList(2,size),notPrinter,notParser);f=toFormatter(elementPairs.subList(2,size),notPrinter,notPar
projects/Time27/src/main/java/org/joda/time/format/PeriodFormatterBuilder.java802f=toFormatter(elementPairs.subList(2,size),notPrinter,notParser);f=toFormatter(elementPairs.subList(2,size),notPrinter,notParser);f=toFormatter(elementPairs.subList(3,size),notPrinter,notParser);f=toFormatter(elementPairs.subList(2,size),notPrinter,notParser);
projects/Time27/src/main/java/org/joda/time/format/PeriodFormatterBuilder.java802f=toFormatter(elementPairs.subList(2,size),notPrinter,notParser);f=toFormatter(elementPairs.subList(2,size),notPrinter,notParser);f=toFormatter(elementPairs.subList(2,size),notPrinter,notParser);f=toFormatter(elementPairs.subList(3,size),notPrinter,notParser);
projects/Time27/src/main/java/org/joda/time/format/PeriodFormatterBuilder.java802f=toFormatter(elementPairs.subList(2,size),notPrinter,notParser);f=toFormatter(elementPairs.subList(2,size),notPrinter,notParser);f=toFormatter(elementPairs.subList(1,size),notPrinter,notParser);f=toFormatter(elementPairs.subList(2,size),notPrinter,notParser);
projects/Time27/src/main/java/org/joda/time/format/PeriodFormatterBuilder.java802f=toFormatter(elementPairs.subList(0,size,notPrinter),notParser);
projects/Time27/src/main/java/org/joda/time/format/PeriodFormatterBuilder.java802if(notPrinter||notParser){f=toFormatter(elementPairs.subList(2,size),notParser,notParser);f=toFormatter(elementPairs.subList(2,size),notParser,notParser);}
projects/Time27/src/main/java/org/joda/time/format/PeriodFormatterBuilder.java802if(notPrinter&&notParser){f=toFormatter(elementPairs.subList(2,size),notParser,notParser);f=toFormatter(elementPairs.subList(2,size),notParser,notParser);}
projects/Time27/src/main/java/org/joda/time/format/PeriodFormatterBuilder.java802f=toFormatter(elementPairs.subList(2,size+1),notPrinter,notParser);f=toFormatter(elementPairs.subList(2,size+1),notParser,notParser);
projects/Time27/src/main/java/org/joda/time/format/PeriodFormatterBuilder.java802f=toFormatter(elementPairs.subList(1,size),notPrinter,notParser);f=toFormatter(elementPairs.subList(4,size),notPrinter,notParser);f=toFormatter(elementPairs.subList(1,size),notPrinter,notParser);f=toFormatter(elementPairs.subList(6,size),notPrinter,notParser);
projects/Time27/src/main/java/org/joda/time/format/PeriodFormatterBuilder.java802f=toFormatter(elementPairs.subList(1,size),notPrinter,notParser,notParser,notParser);
projects/Time27/src/main/java/org/joda/time/format/PeriodFormatterBuilder.java803parent==null){returnnewPeriodFormatter(null,null,null);}
projects/Time27/src/main/java/org/joda/time/format/PeriodFormatterBuilder.java803[Delete]
projects/Time27/src/main/java/org/joda/time/format/PeriodFormatterBuilder.java803parent==null||notParser){returnnewPeriodFormatter(null,null,null);}
projects/Time27/src/main/java/org/joda/time/format/PeriodFormatterBuilder.java803parent==null||notPrinter||notParser){returnnewPeriodFormatter(null,null,null);}
projects/Time27/src/main/java/org/joda/time/format/PeriodFormatterBuilder.java802f=toFormatter(elementPairs.subList(1,size),notPrinter,notParser);f=toFormatter(elementPairs.subList(3,size),notPrinter,notParser);f=toFormatter(elementPairs.subList(2,size),notPrinter,notParser);f=toFormatter(elementPairs.subList(4,size),notPrinter,notParser);
projects/Time27/src/main/java/org/joda/time/format/PeriodFormatterBuilder.java802if(notPrinter&&notParser){f=toFormatter(elementPairs.subList(2,size),notParser,notParser);}else{returnnewPeriodFormatter(elementPairs.subList(2,size),notParser
projects/Time27/src/main/java/org/joda/time/format/PeriodFormatterBuilder.java802Integersep=f.finish(sep.getPrinter(),f.getParser());
projects/Time27/src/main/java/org/joda/time/format/PeriodFormatterBuilder.java802charsep=s.finish(f.getParser(),f.getParser());
projects/Time27/src/main/java/org/joda/time/format/PeriodFormatterBuilder.java803parentFormatter(elementPairs,notPrinter,notParser){thrownewIllegalStateException("Builderhascreatedneitheraprinternoraparser");}
projects/Time27/src/main/java/org/joda/time/format/PeriodFormatterBuilder.java803parentFormatter(elementPairs.subList(2,size),notPrinter,notParser)){thrownewIllegalStateException("Builderhascreatedneitheraprinternoraparser");}
projects/Time27/src/main/java/org/joda/time/format/PeriodFormatterBuilder.java803parentFormatter(elementPairs.subList(2,size),notPrinter,notParser){thrownewIllegalStateException("Builderhascreatedneitheraprinternoraparser");}
projects/Time27/src/main/java/org/joda/time/format/PeriodFormatterBuilder.java802f=toFormatter(elementPairs.subList(2,size,notPrinter,notParser),notBeforeParser);
projects/Time27/src/main/java/org/joda/time/format/PeriodFormatterBuilder.java803parent==null||notPrinter||notParser){thrownewIllegalStateException("Builderhascreatedneitheraprinternoraparser.");}
projects/Time27/src/main/java/org/joda/time/format/PeriodFormatterBuilder.java803parent==null||notParser){thrownewIllegalStateException("Builderhascreatedneitheraprinternoraparser.");}
projects/Time27/src/main/java/org/joda/time/format/PeriodFormatterBuilder.java803returnnewPeriodFormatter(f,sep,iFinalText);
projects/Time27/src/main/java/org/joda/time/format/PeriodFormatterBuilder.java802charsep=notPrinter.finish(f.getParser(),f.getParser());
projects/Time27/src/main/java/org/joda/time/format/PeriodFormatterBuilder.java802floatsep=notPrinter.finish(f.getParser(),f.getParser());
projects/Time27/src/main/java/org/joda/time/format/PeriodFormatterBuilder.java803parent==null||notPrinter||notParser){returnnewPeriodFormatter(null,null);}
projects/Time27/src/main/java/org/joda/time/format/PeriodFormatterBuilder.java803parent==null||notParser){returnnewPeriodFormatter(null,null);}
projects/Time27/src/main/java/org/joda/time/format/PeriodFormatterBuilder.java802f=toFormatter(elementPairs.subList(2,size,notPrinter,notParser,notBeforeParser,notParser);
projects/Time27/src/main/java/org/joda/time/format/PeriodFormatterBuilder.java802if(notPrinter&&notParser){f=toFormatter(elementPairs.subList(2,size),notParser,notParser);f=toFormatter(elementPairs.subList(2,size),notPrinter,notParser);}else{
projects/Time27/src/main/java/org/joda/time/format/PeriodFormatterBuilder.java802if(notPrinter&&notParser){f=toFormatter(elementPairs.subList(1,size),notParser,notParser);f=toFormatter(elementPairs.subList(1,size),notParser,notParser
projects/Time27/src/main/java/org/joda/time/format/PeriodFormatterBuilder.java803parent==null||notPrinter||notParser){thrownewIllegalStateException("Builderhascreatedneitheraprinternoraparser");}
projects/Time27/src/main/java/org/joda/time/format/PeriodFormatterBuilder.java802f=toFormatter(elementPairs.subList(2,size+1),notParser,notParser);sep=toFormatter(elementPairs.subList(2,size+1),notParser,notParser);
projects/Time27/src/main/java/org/joda/time/format/PeriodFormatterBuilder.java802f=toFormatter(elementPairs.subList(2,size),notParser,notParser);f=toFormatter(elementPairs.subList(3,size),notParser,notParser);f=toFormatter(elementPairs.subList(1,size),notParser,notParser);f=toFormatter(elementPairs.subList(3,size),notParser,notParser);
projects/Time27/src/main/java/org/joda/time/format/PeriodFormatterBuilder.java802f=toFormatter(elementPairs.subList(1,size),notPrinter,notParser);f=toFormatter(elementPairs.subList(2,size),notPrinter,notParser);f=toFormatter(elementPairs.subList(3,size),notPrinter,notParser);f=toFormatter(elementPairs.subList(2,size),notPrinter,notParser);
projects/Time27/src/main/java/org/joda/time/format/PeriodFormatterBuilder.java802f=toFormatter(elementPairs.subList(2,size+1),notPrinter,notParser,notParser);
projects/Time27/src/main/java/org/joda/time/format/PeriodFormatterBuilder.java802if(notPrinter&&notParser){f=toFormatter(elementPairs.subList(2,size),notParser,notParser);f=toFormatter(elementPairs.subList(2,size),notParser,notParser
projects/Time27/src/main/java/org/joda/time/format/PeriodFormatterBuilder.java803returnnewPeriodFormatter(f,sep,notParser,notPrinter);
projects/Time27/src/main/java/org/joda/time/format/PeriodFormatterBuilder.java802f=toFormatter(elementPairs.subList(2,size),notPrinter,notParser);f=toFormatter(elementPairs.subList(2,size),notPrinter,notParser);f=toFormatter(elementPairs.subList(2,size),notPrinter,notParser);f=toFormatter(elementPairs.subList(2,size),notParser,notParser);
projects/Time27/src/main/java/org/joda/time/format/PeriodFormatterBuilder.java802if(notPrinter||notParser){f=toFormatter(elementPairs.subList(1,size),notPrinter,notParser);f=toFormatter(elementPairs.subList(1,size),notPrinter,notParser);}
projects/Time27/src/main/java/org/joda/time/format/PeriodFormatterBuilder.java802if(notPrinter||notParser){f=toFormatter(elementPairs.subList(3,size),notPrinter,notParser);f=toFormatter(elementPairs.subList(2,size),notPrinter,notParser);}
projects/Time27/src/main/java/org/joda/time/format/PeriodFormatterBuilder.java802f=toFormatter(elementPairs.subList(2,size),notParser,notParser);f=toFormatter(elementPairs.subList(2,size),notPrinter,notParser);f=toFormatter(elementPairs.subList(1,size),notParser,notParser);f=toFormatter(elementPairs.subList(2,size),notPrinter,notParser);
projects/Time27/src/main/java/org/joda/time/format/PeriodFormatterBuilder.java803parent==null||notPrinter||notParser){thrownewIllegalStateException("Builderhascreatedneitheraprinternorparser");}
projects/Time27/src/main/java/org/joda/time/format/PeriodFormatterBuilder.java803parent==null||notParser){thrownewIllegalStateException("Builderhascreatedneitheraprinternorparser");}
projects/Time27/src/main/java/org/joda/time/format/PeriodFormatterBuilder.java802intsep=sep.finish(f.getParser(),f.getSeparator(),size);
projects/Time27/src/main/java/org/joda/time/format/PeriodFormatterBuilder.java802if(notPrinter&&notParser){f=toFormatter(elementPairs.subList(2,size),notParser,notParser);f=toFormatter(elementPairs.subList(3,size),notParser,notParser
projects/Time27/src/main/java/org/joda/time/format/PeriodFormatterBuilder.java802if(notPrinter&&notParser){f=toFormatter(elementPairs.subList(2,size),notParser,notParser);f=toFormatter(elementPairs.subList(3,size),notParser,notPar
projects/Time27/src/main/java/org/joda/time/format/PeriodFormatterBuilder.java802f=toFormatter(elementPairs.subList(2,size),notPrinter,notParser,notParser,notParser);
projects/Time27/src/main/java/org/joda/time/format/PeriodFormatterBuilder.java802f=toFormatter(elementPairs.subList(2,size),notPrinter,notParser,notParser,sep);
projects/Time27/src/main/java/org/joda/time/format/PeriodFormatterBuilder.java802f=toFormatter(elementPairs.subList(2,size,notParser,notPrinter));
projects/Time27/src/main/java/org/joda/time/format/PeriodFormatterBuilder.java803parent==null||notParser){thrownewIllegalStateException("Builderhascreatedneitheraprinternoraparser");}
projects/Time27/src/main/java/org/joda/time/format/PeriodFormatterBuilder.java802f=toFormatter(elementPairs.subList(3,size),notPrinter,notParser,notParser,notParser);
projects/Time27/src/main/java/org/joda/time/format/PeriodFormatterBuilder.java803returnnewPeriodFormatter(sep,f,notParser,notPrinter);
projects/Time27/src/main/java/org/joda/time/format/PeriodFormatterBuilder.java803parent==null){returnnewPeriodFormatter(null,null,sep);}
projects/Time27/src/main/java/org/joda/time/format/PeriodFormatterBuilder.java803parent==null||notParser){returnnewPeriodFormatter(null,null,sep);}
projects/Time27/src/main/java/org/joda/time/format/PeriodFormatterBuilder.java803parent==null||notPrinter||notParser){returnnewPeriodFormatter(null,null,sep);}
projects/Time27/src/main/java/org/joda/time/format/PeriodFormatterBuilder.java802f=toFormatter(elementPairs.subList(2,size),notParser,notParser);f=toFormatter(elementPairs.subList(2,size),notParser,notParser);f=toFormatter(elementPairs.subList(1,size),notParser,notParser);f=toFormatter(elementPairs.subList(2,size),notParser,notParser);
projects/Time27/src/main/java/org/joda/time/format/PeriodFormatterBuilder.java802if(notPrinter&&notParser){f=toFormatter(elementPairs.subList(2,size),notParser,notParser);intsep=toFormatter(elementPairs.subList(2,size),notParser,notPar
projects/Time27/src/main/java/org/joda/time/format/PeriodFormatterBuilder.java802if(notPrinter&&notParser){f=toFormatter(elementPairs.subList(2,size),notParser,notParser);intsep=toFormatter(elementPairs.subList(2,size),notParser,notParser
projects/Time27/src/main/java/org/joda/time/format/PeriodFormatterBuilder.java802if(notPrinter&&notParser){f=toFormatter(elementPairs.subList(2,size),notPrinter,notParser);intsep=toFormatter(elementPairs.subList(2,size),notPrinter,notParser
projects/Time27/src/main/java/org/joda/time/format/PeriodFormatterBuilder.java802if(notPrinter&&notParser){f=toFormatter(elementPairs.subList(1,size),notPrinter,notParser);f=toFormatter(elementPairs.subList(2,size),notPrinter,notParser
projects/Time27/src/main/java/org/joda/time/format/PeriodFormatterBuilder.java803returnnewPeriodFormatter(elementPairs,sep,f,notPrinter,notParser);
projects/Time27/src/main/java/org/joda/time/format/PeriodFormatterBuilder.java803returnnewPeriodFormatter(null,sep,f,notParser);
projects/Time27/src/main/java/org/joda/time/format/PeriodFormatterBuilder.java802f=toFormatter(elementPairs.subList(3,size),notPrinter,notParser);f=toFormatter(elementPairs.subList(4,size),notPrinter,notParser);f=toFormatter(elementPairs.subList(3,size),notPrinter,notParser);f=toFormatter(elementPairs.subList(4,size),notParser,notParser);
projects/Time27/src/main/java/org/joda/time/format/PeriodFormatterBuilder.java802intsep=s.finish(f.getPrinter(),sep.getParser());
projects/Time27/src/main/java/org/joda/time/format/PeriodFormatterBuilder.java802charsep=s.finish(f.getPrinter(),f.getParser());
projects/Time27/src/main/java/org/joda/time/format/PeriodFormatterBuilder.java802if(notPrinter&&notParser){f=toFormatter(elementPairs.subList(2,size),notPrinter,notParser);f=toFormatter(elementPairs.subList(2,size),notPrinter,notParser
projects/Time27/src/main/java/org/joda/time/format/PeriodFormatterBuilder.java802if(notPrinter&&notParser){f=toFormatter(elementPairs.subList(2,size),notPrinter,notParser);}else{f=toFormatter(elementPairs.subList(2,size),notPrinter,notParser
projects/Time27/src/main/java/org/joda/time/format/PeriodFormatterBuilder.java803returnnewPeriodFormatter(f,notParser,sep);
projects/Time27/src/main/java/org/joda/time/format/PeriodFormatterBuilder.java803parentFormatter(elementPairs,notPrinter,notParser){thrownewIllegalStateException("Builderhascreatedneitheraprinternoraparser.");}
