projects/Csv5/src/main/java/org/apache/commons/csv/CSVPrinter.java104strValue=value.toString();
projects/Csv5/src/main/java/org/apache/commons/csv/CSVPrinter.java104strValue=nullString.toString();
projects/Csv5/src/main/java/org/apache/commons/csv/CSVPrinter.java104strValue=value==null?null:value.toString();
projects/Csv5/src/main/java/org/apache/commons/csv/CSVPrinter.java104strValue=value==null?Constants.EMPTY:value.toString();
projects/Csv5/src/main/java/org/apache/commons/csv/CSVPrinter.java104strValue=value!=null?null:value.toString();
projects/Csv5/src/main/java/org/apache/commons/csv/CSVPrinter.java104strValue=value==null?nullString:value.toString();
projects/Csv5/src/main/java/org/apache/commons/csv/CSVPrinter.java104strValue=value!=null?nullString:value.toString();
projects/Csv5/src/main/java/org/apache/commons/csv/CSVPrinter.java104strValue=nullString+value.toString();
projects/Csv5/src/main/java/org/apache/commons/csv/CSVPrinter.java104
projects/Csv5/src/main/java/org/apache/commons/csv/CSVPrinter.java104strValue=value==null?Constants.NULL:value.toString();
projects/Csv5/src/main/java/org/apache/commons/csv/CSVPrinter.java104strValue=nullString;
projects/Csv5/src/main/java/org/apache/commons/csv/CSVPrinter.java104strValue=value==null?Constants.NONE:value.toString();
projects/Csv5/src/main/java/org/apache/commons/csv/CSVPrinter.java104strValue=nullString||value.toString().length()==0?null:value.toString();
projects/Csv5/src/main/java/org/apache/commons/csv/CSVPrinter.java104strValue=nullString||value.toString().trim().length()==0?null:value.toString();
projects/Csv5/src/main/java/org/apache/commons/csv/CSVPrinter.java104strValue=nullString||value.toString().trim().length()!=0?null:value.toString();
projects/Csv5/src/main/java/org/apache/commons/csv/CSVPrinter.java104strValue=nullString||value.toString().length()==0?Constants.NUMBER:value.toString();
