projects/JacksonCore15/src/main/java/com/fasterxml/jackson/core/filter/FilteringParserDelegate.java540f=_headContext.setFieldName(name);
projects/JacksonCore15/src/main/java/com/fasterxml/jackson/core/filter/FilteringParserDelegate.java540f=_headContext.setCurrentName(name);
projects/JacksonCore15/src/main/java/com/fasterxml/jackson/core/filter/FilteringParserDelegate.java540f=_headContext.setImmediateParent(name);
projects/JacksonCore15/src/main/java/com/fasterxml/jackson/core/filter/FilteringParserDelegate.java540f=_headContext.setPropertyName(name);
projects/JacksonCore15/src/main/java/com/fasterxml/jackson/core/filter/FilteringParserDelegate.java540
projects/JacksonCore15/src/main/java/com/fasterxml/jackson/core/filter/FilteringParserDelegate.java540f=_exposedContext.setFieldName(name);
projects/JacksonCore15/src/main/java/com/fasterxml/jackson/core/filter/FilteringParserDelegate.java540f=_headContext.getFilter().setFieldName(name);
projects/JacksonCore15/src/main/java/com/fasterxml/jackson/core/filter/FilteringParserDelegate.java540f=_headContext.getParent().setFieldName(name);
projects/JacksonCore15/src/main/java/com/fasterxml/jackson/core/filter/FilteringParserDelegate.java540f=_headContext.getFieldName(name);
projects/JacksonCore15/src/main/java/com/fasterxml/jackson/core/filter/FilteringParserDelegate.java540f=_headContext.getParent().setFieldName(name+1);
projects/JacksonCore15/src/main/java/com/fasterxml/jackson/core/filter/FilteringParserDelegate.java540f=_headContext.getNext().setFieldName(name);
projects/JacksonCore15/src/main/java/com/fasterxml/jackson/core/filter/FilteringParserDelegate.java540f=_headContext.getParent().setImmediateParent(name);
projects/JacksonCore15/src/main/java/com/fasterxml/jackson/core/filter/FilteringParserDelegate.java540f=_exposedContext.setImmediateParent(name);
projects/JacksonCore15/src/main/java/com/fasterxml/jackson/core/filter/FilteringParserDelegate.java540f=_headContext.getImmediateParent();
projects/JacksonCore15/src/main/java/com/fasterxml/jackson/core/filter/FilteringParserDelegate.java540f=_headContext.setImmediateParent(name,false);
projects/JacksonCore15/src/main/java/com/fasterxml/jackson/core/filter/FilteringParserDelegate.java540f=_exposedContext.setPropertyName(name);
projects/JacksonCore15/src/main/java/com/fasterxml/jackson/core/filter/FilteringParserDelegate.java540f=_headContext.getFilter().setPropertyName(name);
projects/JacksonCore15/src/main/java/com/fasterxml/jackson/core/filter/FilteringParserDelegate.java540_lastClearedToken=JsonToken.FIELD_NAME;
projects/JacksonCore15/src/main/java/com/fasterxml/jackson/core/filter/FilteringParserDelegate.java540_lastClearedToken=_lastClearedToken;
projects/JacksonCore15/src/main/java/com/fasterxml/jackson/core/filter/FilteringParserDelegate.java540_lastClearedToken=_lastClearedToken2;
projects/JacksonCore15/src/main/java/com/fasterxml/jackson/core/filter/FilteringParserDelegate.java540_lastClearedToken=JsonToken.VALUE_STRING;
projects/JacksonCore15/src/main/java/com/fasterxml/jackson/core/filter/FilteringParserDelegate.java540f=_exposedContext.setCurrentName(name);
projects/JacksonCore15/src/main/java/com/fasterxml/jackson/core/filter/FilteringParserDelegate.java540f=_headContext.setCurrentName(name+1);
projects/JacksonCore15/src/main/java/com/fasterxml/jackson/core/filter/FilteringParserDelegate.java540f=_headContext.getCurrentName();
projects/JacksonCore15/src/main/java/com/fasterxml/jackson/core/filter/FilteringParserDelegate.java540f=_exposedContext.setFieldName(name+1);
projects/JacksonCore15/src/main/java/com/fasterxml/jackson/core/filter/FilteringParserDelegate.java540f=_exposedContext.getFieldName(name);
projects/JacksonCore15/src/main/java/com/fasterxml/jackson/core/filter/FilteringParserDelegate.java540f=_headContext.getFieldName(name+1);
projects/JacksonCore15/src/main/java/com/fasterxml/jackson/core/filter/FilteringParserDelegate.java540f=_headContext.getFieldName(name,_matchCount);
projects/JacksonCore15/src/main/java/com/fasterxml/jackson/core/filter/FilteringParserDelegate.java540f=_headContext.getFilter().setProperty(name);
projects/JacksonCore15/src/main/java/com/fasterxml/jackson/core/filter/FilteringParserDelegate.java540f=_headContext.getFilter().setCurrentName(name);
projects/JacksonCore15/src/main/java/com/fasterxml/jackson/core/filter/FilteringParserDelegate.java540f=_context.getFieldName(name);
projects/JacksonCore15/src/main/java/com/fasterxml/jackson/core/filter/FilteringParserDelegate.java540f=_headContext.getFilter();
projects/JacksonCore15/src/main/java/com/fasterxml/jackson/core/filter/FilteringParserDelegate.java540f=_exposedContext.setImmediateParent(null);
projects/JacksonCore15/src/main/java/com/fasterxml/jackson/core/filter/FilteringParserDelegate.java540f=_exposedContext.setName(name);
projects/JacksonCore15/src/main/java/com/fasterxml/jackson/core/filter/FilteringParserDelegate.java540f=_context.setImmediateParent(name);
projects/JacksonCore15/src/main/java/com/fasterxml/jackson/core/filter/FilteringParserDelegate.java540f=_context.setCurrentName(name);
projects/JacksonCore15/src/main/java/com/fasterxml/jackson/core/filter/FilteringParserDelegate.java540f=_headContext.getFilter().setName(name);
projects/JacksonCore15/src/main/java/com/fasterxml/jackson/core/filter/FilteringParserDelegate.java540_lastClearedToken=JsonToken.END_ARRAY;
projects/JacksonCore15/src/main/java/com/fasterxml/jackson/core/filter/FilteringParserDelegate.java540_lastClearedToken=name;
projects/JacksonCore15/src/main/java/com/fasterxml/jackson/core/filter/FilteringParserDelegate.java540_lastClearedToken=JsonToken.START_OBJECT;
projects/JacksonCore15/src/main/java/com/fasterxml/jackson/core/filter/FilteringParserDelegate.java540f=_headContext.getFilter().setImmediateParent(null);
projects/JacksonCore15/src/main/java/com/fasterxml/jackson/core/filter/FilteringParserDelegate.java540f=_headContext.getFilter().getFieldName(name);
projects/JacksonCore15/src/main/java/com/fasterxml/jackson/core/filter/FilteringParserDelegate.java540f=_headContext.getFieldName(name,_itemFilter);
projects/JacksonCore15/src/main/java/com/fasterxml/jackson/core/filter/FilteringParserDelegate.java540f=_headContext.setImmediateParent(_currToken);
projects/JacksonCore15/src/main/java/com/fasterxml/jackson/core/filter/FilteringParserDelegate.java540f=_headContext.setImmediateParent(parent);
projects/JacksonCore15/src/main/java/com/fasterxml/jackson/core/filter/FilteringParserDelegate.java540f=_exposedContext.setImmediateParent(parent);
projects/JacksonCore15/src/main/java/com/fasterxml/jackson/core/filter/FilteringParserDelegate.java540_lastClearedToken=_exposedContext.getParent();
projects/JacksonCore15/src/main/java/com/fasterxml/jackson/core/filter/FilteringParserDelegate.java540_lastClearedToken=_exposedContext.createChildObjectContext(ctxt,_headContext);
projects/JacksonCore15/src/main/java/com/fasterxml/jackson/core/filter/FilteringParserDelegate.java540_lastClearedToken=_exposedContext.createChildObjectContext();
projects/JacksonCore15/src/main/java/com/fasterxml/jackson/core/filter/FilteringParserDelegate.java540_lastClearedToken=_exposedContext.createChildObjectContext(ctxt);
projects/JacksonCore15/src/main/java/com/fasterxml/jackson/core/filter/FilteringParserDelegate.java540f=ctxt.setCurrentName(name);
projects/JacksonCore15/src/main/java/com/fasterxml/jackson/core/filter/FilteringParserDelegate.java540f=_headContext.getParent().setString(name);
projects/JacksonCore15/src/main/java/com/fasterxml/jackson/core/filter/FilteringParserDelegate.java540f=_headContext.getParent().setCurrentName(name);
projects/JacksonCore15/src/main/java/com/fasterxml/jackson/core/filter/FilteringParserDelegate.java540f=_exposedContext.getFieldName(name,_itemFilter);
projects/JacksonCore15/src/main/java/com/fasterxml/jackson/core/filter/FilteringParserDelegate.java540f=_headContext.getFieldName(name,_itemFilter,_matchCount);
projects/JacksonCore15/src/main/java/com/fasterxml/jackson/core/filter/FilteringParserDelegate.java540f=_headContext.getFieldName(name,JsonToken.FIELD_NAME);
projects/JacksonCore15/src/main/java/com/fasterxml/jackson/core/filter/FilteringParserDelegate.java540f=_headContext.getFieldName(name,_currToken);
projects/JacksonCore15/src/main/java/com/fasterxml/jackson/core/filter/FilteringParserDelegate.java540_lastClearedToken=_exposedContext.createChildObjectContext(name);
projects/JacksonCore15/src/main/java/com/fasterxml/jackson/core/filter/FilteringParserDelegate.java540_lastClearedToken=_exposedContext.createChildStringContext();
projects/JacksonCore15/src/main/java/com/fasterxml/jackson/core/filter/FilteringParserDelegate.java540_lastClearedToken=_exposedContext.createChildLocalContext();
projects/JacksonCore15/src/main/java/com/fasterxml/jackson/core/filter/FilteringParserDelegate.java540f=_exposedContext.setCurrentName(name+1);
projects/JacksonCore15/src/main/java/com/fasterxml/jackson/core/filter/FilteringParserDelegate.java540f=_exposedContext.setCurrentName(name,_lastClearedToken);
projects/JacksonCore15/src/main/java/com/fasterxml/jackson/core/filter/FilteringParserDelegate.java540_lastClearedToken=t;
projects/JacksonCore15/src/main/java/com/fasterxml/jackson/core/filter/FilteringParserDelegate.java540f=_headContext.getFieldName(name,1);
projects/JacksonCore15/src/main/java/com/fasterxml/jackson/core/filter/FilteringParserDelegate.java540f=_exposedContext.getFieldName(name,_matchCount);
projects/JacksonCore15/src/main/java/com/fasterxml/jackson/core/filter/FilteringParserDelegate.java540f=_headContext.getFieldName(name,2);
projects/JacksonCore15/src/main/java/com/fasterxml/jackson/core/filter/FilteringParserDelegate.java540f=_headContext.getFieldName(name,_matchCount+1);
projects/JacksonCore15/src/main/java/com/fasterxml/jackson/core/filter/FilteringParserDelegate.java540f=_exposedContext.setFieldName(name+2);
projects/JacksonCore15/src/main/java/com/fasterxml/jackson/core/filter/FilteringParserDelegate.java540f=_exposedContext.setFieldName(name*1);
projects/JacksonCore15/src/main/java/com/fasterxml/jackson/core/filter/FilteringParserDelegate.java540f=_exposedContext.setName(name+1);
projects/JacksonCore15/src/main/java/com/fasterxml/jackson/core/filter/FilteringParserDelegate.java540_lastClearedToken=JsonToken.END_OBJECT;
projects/JacksonCore15/src/main/java/com/fasterxml/jackson/core/filter/FilteringParserDelegate.java540f=_headContext.getFilter().setCurrentName(name+1);
projects/JacksonCore15/src/main/java/com/fasterxml/jackson/core/filter/FilteringParserDelegate.java540f=_headContext.getFilter().setCurrentName(name,_lastClearedToken);
projects/JacksonCore15/src/main/java/com/fasterxml/jackson/core/filter/FilteringParserDelegate.java540f=_headContext.getFilter().setCurrentName(name,_matchCount);
projects/JacksonCore15/src/main/java/com/fasterxml/jackson/core/filter/FilteringParserDelegate.java540f=_exposedContext.setImmediateParent(name,_lastClearedToken);
projects/JacksonCore15/src/main/java/com/fasterxml/jackson/core/filter/FilteringParserDelegate.java540f=_exposedContext.setImmediateParent(name,false);
projects/JacksonCore15/src/main/java/com/fasterxml/jackson/core/filter/FilteringParserDelegate.java540f=_exposedContext.setImmediateParent(name,true);
projects/JacksonCore15/src/main/java/com/fasterxml/jackson/core/filter/FilteringParserDelegate.java540f=_context.setCurrentName(name+1);
projects/JacksonCore15/src/main/java/com/fasterxml/jackson/core/filter/FilteringParserDelegate.java540f=_context.setCurrentName(name,_lastClearedToken);
projects/JacksonCore15/src/main/java/com/fasterxml/jackson/core/filter/FilteringParserDelegate.java540f=_headContext.getNext().setString(name);
projects/JacksonCore15/src/main/java/com/fasterxml/jackson/core/filter/FilteringParserDelegate.java540f=_headContext.getParent().setString(name+1);
projects/JacksonCore15/src/main/java/com/fasterxml/jackson/core/filter/FilteringParserDelegate.java540f=_headContext.getParent().setString(name,_lastClearedToken);
projects/JacksonCore15/src/main/java/com/fasterxml/jackson/core/filter/FilteringParserDelegate.java540f=_headContext.getNext().setCurrentName(name);
projects/JacksonCore15/src/main/java/com/fasterxml/jackson/core/filter/FilteringParserDelegate.java540f=_headContext.getParent().setCurrentName(name+1);
projects/JacksonCore15/src/main/java/com/fasterxml/jackson/core/filter/FilteringParserDelegate.java540f=_exposedContext.getImmediateParent();
projects/JacksonCore15/src/main/java/com/fasterxml/jackson/core/filter/FilteringParserDelegate.java540_lastClearedToken=JsonToken.START_OBJECT|JsonToken.END_ARRAY;
projects/JacksonCore15/src/main/java/com/fasterxml/jackson/core/filter/FilteringParserDelegate.java540_lastClearedToken=JsonToken.START_OBJECT|JsonToken.START_ARRAY;
projects/JacksonCore15/src/main/java/com/fasterxml/jackson/core/filter/FilteringParserDelegate.java540f=_context.getFieldName(name,_matchCount);
projects/JacksonCore15/src/main/java/com/fasterxml/jackson/core/filter/FilteringParserDelegate.java540f=_context.getFieldName(name+1);
projects/JacksonCore15/src/main/java/com/fasterxml/jackson/core/filter/FilteringParserDelegate.java540f=_headContext.getFieldName(name+2);
projects/JacksonCore15/src/main/java/com/fasterxml/jackson/core/filter/FilteringParserDelegate.java540f=_headContext.getFieldName(name+3);
projects/JacksonCore15/src/main/java/com/fasterxml/jackson/core/filter/FilteringParserDelegate.java540f=_exposedContext.getCurrentName();
projects/JacksonCore15/src/main/java/com/fasterxml/jackson/core/filter/FilteringParserDelegate.java540f=_exposedContext.getFieldName(name+1);
projects/JacksonCore15/src/main/java/com/fasterxml/jackson/core/filter/FilteringParserDelegate.java540f=_headContext.getParent().setFieldName(name+2);
projects/JacksonCore15/src/main/java/com/fasterxml/jackson/core/filter/FilteringParserDelegate.java540f=_headContext.getNext().setFieldName(name+1);
projects/JacksonCore15/src/main/java/com/fasterxml/jackson/core/filter/FilteringParserDelegate.java540_lastClearedToken=_currToken;
projects/JacksonCore15/src/main/java/com/fasterxml/jackson/core/filter/FilteringParserDelegate.java540f=parent.setImmediateParent(_exposedContext);
projects/JacksonCore15/src/main/java/com/fasterxml/jackson/core/filter/FilteringParserDelegate.java540f=_exposedContext.setImmediateParent(parent,name);
projects/JacksonCore15/src/main/java/com/fasterxml/jackson/core/filter/FilteringParserDelegate.java540f=_headContext.getNext().setProperty(name);
projects/JacksonCore15/src/main/java/com/fasterxml/jackson/core/filter/FilteringParserDelegate.java540f=_headContext.setCurrentName(name+2);
projects/JacksonCore15/src/main/java/com/fasterxml/jackson/core/filter/FilteringParserDelegate.java540f=_headContext.setCurrentName(name*1);
projects/JacksonCore15/src/main/java/com/fasterxml/jackson/core/filter/FilteringParserDelegate.java540f=_headContext.setImmediateParent(name,true);
projects/JacksonCore15/src/main/java/com/fasterxml/jackson/core/filter/FilteringParserDelegate.java540f=_context.setImmediateParent(name,_lastClearedToken);
projects/JacksonCore15/src/main/java/com/fasterxml/jackson/core/filter/FilteringParserDelegate.java540f=_context.setImmediateParent(name,false);
projects/JacksonCore15/src/main/java/com/fasterxml/jackson/core/filter/FilteringParserDelegate.java540_lastClearedToken=JsonToken.VALUE_STRING|JsonToken.FIELD_NAME;
projects/JacksonCore15/src/main/java/com/fasterxml/jackson/core/filter/FilteringParserDelegate.java540f=_headContext.getFilter().includeProperty(name);
projects/JacksonCore15/src/main/java/com/fasterxml/jackson/core/filter/FilteringParserDelegate.java540f=_headContext.getFilter().setProperty(name,false);
projects/JacksonCore15/src/main/java/com/fasterxml/jackson/core/filter/FilteringParserDelegate.java540_lastClearedToken=JsonToken.END_ARRAY|JsonToken.END_OBJECT;
projects/JacksonCore15/src/main/java/com/fasterxml/jackson/core/filter/FilteringParserDelegate.java540f=_exposedContext.setImmediateParent(_currToken);
projects/JacksonCore15/src/main/java/com/fasterxml/jackson/core/filter/FilteringParserDelegate.java540_lastClearedToken=_exposedContext.createChildObjectContext(ctxt,name);
projects/JacksonCore15/src/main/java/com/fasterxml/jackson/core/filter/FilteringParserDelegate.java540_lastClearedToken=ctxt.createChildObjectContext(_exposedContext);
projects/JacksonCore15/src/main/java/com/fasterxml/jackson/core/filter/FilteringParserDelegate.java540_lastClearedToken=_exposedContext.createChildLocalContext(ctxt);
projects/JacksonCore15/src/main/java/com/fasterxml/jackson/core/filter/FilteringParserDelegate.java540f=ctxt.setCurrentName(name+1);
projects/JacksonCore15/src/main/java/com/fasterxml/jackson/core/filter/FilteringParserDelegate.java540f=_headContext.getFilter().setPropertyName(name+1);
projects/JacksonCore15/src/main/java/com/fasterxml/jackson/core/filter/FilteringParserDelegate.java540f=_headContext.getFilter().getProperty(name);
projects/JacksonCore15/src/main/java/com/fasterxml/jackson/core/filter/FilteringParserDelegate.java540f=_headContext.getFilter().getFieldName(name,_matchCount);
projects/JacksonCore15/src/main/java/com/fasterxml/jackson/core/filter/FilteringParserDelegate.java540f=_headContext.getFilter().getLocalName(name);
projects/JacksonCore15/src/main/java/com/fasterxml/jackson/core/filter/FilteringParserDelegate.java540f=_headContext.getParent().setImmediateParent(name,_lastClearedToken);
projects/JacksonCore15/src/main/java/com/fasterxml/jackson/core/filter/FilteringParserDelegate.java540f=_headContext.getParent().setProperty(name);
projects/JacksonCore15/src/main/java/com/fasterxml/jackson/core/filter/FilteringParserDelegate.java540f=_headContext.getFilter().setImmediateParent(name);
projects/JacksonCore15/src/main/java/com/fasterxml/jackson/core/filter/FilteringParserDelegate.java540f=parent.setImmediateParent(_headContext);
projects/JacksonCore15/src/main/java/com/fasterxml/jackson/core/filter/FilteringParserDelegate.java540f=_headContext.setImmediateParent(parent,name);
projects/JacksonCore15/src/main/java/com/fasterxml/jackson/core/filter/FilteringParserDelegate.java540_lastClearedToken=_exposedContext.getLastChild();
projects/JacksonCore15/src/main/java/com/fasterxml/jackson/core/filter/FilteringParserDelegate.java540_lastClearedToken=name.getNext();
projects/JacksonCore15/src/main/java/com/fasterxml/jackson/core/filter/FilteringParserDelegate.java540_lastClearedToken=name.getLastChild();
projects/JacksonCore15/src/main/java/com/fasterxml/jackson/core/filter/FilteringParserDelegate.java540f=_exposedContext.getFilter();
projects/JacksonCore15/src/main/java/com/fasterxml/jackson/core/filter/FilteringParserDelegate.java540f=_context.getFilter();
projects/JacksonCore15/src/main/java/com/fasterxml/jackson/core/filter/FilteringParserDelegate.java540f=_headContext.getFilter().setName(name+1);
projects/JacksonCore15/src/main/java/com/fasterxml/jackson/core/filter/FilteringParserDelegate.java540f=_context.getCurrentName();
projects/JacksonCore15/src/main/java/com/fasterxml/jackson/core/filter/FilteringParserDelegate.java540_lastClearedToken=_exposedContext.createChildObjectContext(t,_headContext);
projects/JacksonCore15/src/main/java/com/fasterxml/jackson/core/filter/FilteringParserDelegate.java540_lastClearedToken=ctxt.createChildObjectContext(_exposedContext,name);
projects/JacksonCore15/src/main/java/com/fasterxml/jackson/core/filter/FilteringParserDelegate.java540f=_exposedContext.includeProperty(name);
projects/JacksonCore15/src/main/java/com/fasterxml/jackson/core/filter/FilteringParserDelegate.java540_lastClearedToken=JsonToken.START_ARRAY;
projects/JacksonCore15/src/main/java/com/fasterxml/jackson/core/filter/FilteringParserDelegate.java540_lastClearedToken=JsonToken.START_OBJECT+name;
projects/JacksonCore15/src/main/java/com/fasterxml/jackson/core/filter/FilteringParserDelegate.java540f=_exposedContext.setImmediateParent(null,name);
projects/JacksonCore15/src/main/java/com/fasterxml/jackson/core/filter/FilteringParserDelegate.java540f=_headContext.getFilter().getFieldName(name+1);
projects/JacksonCore15/src/main/java/com/fasterxml/jackson/core/filter/FilteringParserDelegate.java540_lastClearedToken=_exposedContext.createChildObjectContext(null);
projects/JacksonCore15/src/main/java/com/fasterxml/jackson/core/filter/FilteringParserDelegate.java540f=_exposedContext.getFilter().setCurrentName(name);
projects/JacksonCore15/src/main/java/com/fasterxml/jackson/core/filter/FilteringParserDelegate.java540f=_headContext.getFilter().setString(name);
projects/JacksonCore15/src/main/java/com/fasterxml/jackson/core/filter/FilteringParserDelegate.java540f=_headContext.getParent().setFieldName(name+3);
projects/JacksonCore15/src/main/java/com/fasterxml/jackson/core/filter/FilteringParserDelegate.java540f=_context.setImmediateParent(parent);
projects/JacksonCore15/src/main/java/com/fasterxml/jackson/core/filter/FilteringParserDelegate.java540f=ctxt.setCurrentName(_currToken);
projects/JacksonCore15/src/main/java/com/fasterxml/jackson/core/filter/FilteringParserDelegate.java540_lastClearedToken=JsonToken.FIELD_NAME+name;
projects/JacksonCore15/src/main/java/com/fasterxml/jackson/core/filter/FilteringParserDelegate.java540f=_exposedContext.getFilter().setProperty(name);
projects/JacksonCore15/src/main/java/com/fasterxml/jackson/core/filter/FilteringParserDelegate.java540f=_headContext.getFilter().setValue(name);
projects/JacksonCore15/src/main/java/com/fasterxml/jackson/core/filter/FilteringParserDelegate.java540f=_context.getImmediateParent();
projects/JacksonCore15/src/main/java/com/fasterxml/jackson/core/filter/FilteringParserDelegate.java540f=delegate.getImmediateParent();
projects/JacksonCore15/src/main/java/com/fasterxml/jackson/core/filter/FilteringParserDelegate.java540f=_context.setImmediateParent(_currToken);
projects/JacksonCore15/src/main/java/com/fasterxml/jackson/core/filter/FilteringParserDelegate.java540_lastClearedToken=_exposedContext.createChildObjectContext(ctxt,_headContext,name);
projects/JacksonCore15/src/main/java/com/fasterxml/jackson/core/filter/FilteringParserDelegate.java540_lastClearedToken=_exposedContext.createChildArrayContext(ctxt,_headContext);
projects/JacksonCore15/src/main/java/com/fasterxml/jackson/core/filter/FilteringParserDelegate.java540_lastClearedToken=_exposedContext.createChildExprContext(ctxt);
projects/JacksonCore15/src/main/java/com/fasterxml/jackson/core/filter/FilteringParserDelegate.java540_lastClearedToken=_exposedContext.createChildStringContext(ctxt);
projects/JacksonCore15/src/main/java/com/fasterxml/jackson/core/filter/FilteringParserDelegate.java540f=_exposedContext.getFilter().setPropertyName(name);
projects/JacksonCore15/src/main/java/com/fasterxml/jackson/core/filter/FilteringParserDelegate.java540f=_context.getValue(name);
projects/JacksonCore15/src/main/java/com/fasterxml/jackson/core/filter/FilteringParserDelegate.java540_lastClearedToken=_exposedContext.getFirstChild();
projects/JacksonCore15/src/main/java/com/fasterxml/jackson/core/filter/FilteringParserDelegate.java540_lastClearedToken=_exposedContext.getNext();
projects/JacksonCore15/src/main/java/com/fasterxml/jackson/core/filter/FilteringParserDelegate.java540f=_exposedContext.getFilter().getFieldName(name);
projects/JacksonCore15/src/main/java/com/fasterxml/jackson/core/filter/FilteringParserDelegate.java540f=_headContext.getFilter().getPropertyName(name);
projects/JacksonCore15/src/main/java/com/fasterxml/jackson/core/filter/FilteringParserDelegate.java540f=_exposedContext.getParent().setImmediateParent(name);
projects/JacksonCore15/src/main/java/com/fasterxml/jackson/core/filter/FilteringParserDelegate.java540f=_headContext.getParent().setImmediateParent(parent);
projects/JacksonCore15/src/main/java/com/fasterxml/jackson/core/filter/FilteringParserDelegate.java540f=delegate.getCurrentName();
projects/JacksonCore15/src/main/java/com/fasterxml/jackson/core/filter/FilteringParserDelegate.java540f=_exposedContext.getFilterParent().getFieldName(name);
projects/JacksonCore15/src/main/java/com/fasterxml/jackson/core/filter/FilteringParserDelegate.java540f=_exposedContext.getValue(name);
projects/JacksonCore15/src/main/java/com/fasterxml/jackson/core/filter/FilteringParserDelegate.java540f=_context.getFieldName(name,_itemFilter);
projects/JacksonCore15/src/main/java/com/fasterxml/jackson/core/filter/FilteringParserDelegate.java540f=_exposedContext.getFilter().setImmediateParent(null);
projects/JacksonCore15/src/main/java/com/fasterxml/jackson/core/filter/FilteringParserDelegate.java540f=_headContext.getFilter().setImmediateParent(null,name);
projects/JacksonCore15/src/main/java/com/fasterxml/jackson/core/filter/FilteringParserDelegate.java540f=_headContext.getFilter().setImmediateParent(parent);
projects/JacksonCore15/src/main/java/com/fasterxml/jackson/core/filter/FilteringParserDelegate.java540f=_exposedContext.getFilter().setName(name);
projects/JacksonCore15/src/main/java/com/fasterxml/jackson/core/filter/FilteringParserDelegate.java540f=_headContext.getFilter().setName(name,_lastClearedToken);
projects/JacksonCore15/src/main/java/com/fasterxml/jackson/core/filter/FilteringParserDelegate.java540f=_exposedContext.setName(name,_lastClearedToken);
projects/JacksonCore15/src/main/java/com/fasterxml/jackson/core/filter/FilteringParserDelegate.java540f=delegate.getFilter();
projects/JacksonCore15/src/main/java/com/fasterxml/jackson/core/filter/FilteringParserDelegate.java540f=ctxt.getCurrentName();
projects/JacksonCore15/src/main/java/com/fasterxml/jackson/core/filter/FilteringParserDelegate.java540f=_exposedContext.getParent().getFieldName(name);
projects/JacksonCore15/src/main/java/com/fasterxml/jackson/core/filter/FilteringParserDelegate.java540f=_exposedContext.getFilteredName(name);
projects/JacksonCore15/src/main/java/com/fasterxml/jackson/core/filter/FilteringParserDelegate.java540f=t.getFilter();
projects/JacksonCore15/src/main/java/com/fasterxml/jackson/core/filter/FilteringParserDelegate.java540f=ctxt.getFilter();
projects/JacksonCore15/src/main/java/com/fasterxml/jackson/core/filter/FilteringParserDelegate.java540f=_headContext.getFieldName(name,_itemFilter,_lastClearedToken);
projects/JacksonCore15/src/main/java/com/fasterxml/jackson/core/filter/FilteringParserDelegate.java540f=_headContext.getFieldName(name,_itemFilter,_currentState);
projects/JacksonCore15/src/main/java/com/fasterxml/jackson/core/filter/FilteringParserDelegate.java540if(_lastClearedToken==JsonToken.START_OBJECT){_lastClearedToken=JsonToken.START_OBJECT;}
projects/JacksonCore15/src/main/java/com/fasterxml/jackson/core/filter/FilteringParserDelegate.java540f=_exposedContext.getParent().setPropertyName(name);
projects/JacksonCore15/src/main/java/com/fasterxml/jackson/core/filter/FilteringParserDelegate.java540_lastClearedToken=_exposedContext.createChildObjectContext(ctxt,_currentContext);
projects/JacksonCore15/src/main/java/com/fasterxml/jackson/core/filter/FilteringParserDelegate.java540_lastClearedToken=_exposedContext.createChildObjectContext(ctxt,_nextToken2);
projects/JacksonCore15/src/main/java/com/fasterxml/jackson/core/filter/FilteringParserDelegate.java540f=_context.getFieldName(name,_lastClearedToken);
projects/JacksonCore15/src/main/java/com/fasterxml/jackson/core/filter/FilteringParserDelegate.java540f=_context.getFilterContext().getFieldName(name);
projects/JacksonCore15/src/main/java/com/fasterxml/jackson/core/filter/FilteringParserDelegate.java540f=_context.getParent().getFieldName(name);
projects/JacksonCore15/src/main/java/com/fasterxml/jackson/core/filter/FilteringParserDelegate.java540f=_headContext.getParent().setImmediateParent(null);
projects/JacksonCore15/src/main/java/com/fasterxml/jackson/core/filter/FilteringParserDelegate.java540f=_headContext.getParent().setImmediateParent(_currToken);
projects/JacksonCore15/src/main/java/com/fasterxml/jackson/core/filter/FilteringParserDelegate.java540f=_headContext.getFilter().setProperty(name,_itemFilter);
projects/JacksonCore15/src/main/java/com/fasterxml/jackson/core/filter/FilteringParserDelegate.java540f=_headContext.getCurrentName().setFieldName(name);
projects/JacksonCore15/src/main/java/com/fasterxml/jackson/core/filter/FilteringParserDelegate.java540_lastClearedToken=_nextToken2;
projects/JacksonCore15/src/main/java/com/fasterxml/jackson/core/filter/FilteringParserDelegate.java540_lastClearedToken=_currentClearedToken;
projects/JacksonCore15/src/main/java/com/fasterxml/jackson/core/filter/FilteringParserDelegate.java540f=_headContext.getParent().setString(name,_allowMultipleMatches);
projects/JacksonCore15/src/main/java/com/fasterxml/jackson/core/filter/FilteringParserDelegate.java540f=_headContext.getParent().setCurrentName(name,_lastClearedToken);
projects/JacksonCore15/src/main/java/com/fasterxml/jackson/core/filter/FilteringParserDelegate.java540_lastClearedToken=JsonToken.END_ARRAY+1;
projects/JacksonCore15/src/main/java/com/fasterxml/jackson/core/filter/FilteringParserDelegate.java540_lastClearedToken=JsonToken.VALUE_STRING||name!=null;
projects/JacksonCore15/src/main/java/com/fasterxml/jackson/core/filter/FilteringParserDelegate.java540f=_headContext.getFilter().setCurrentName(name,_itemFilter);
projects/JacksonCore15/src/main/java/com/fasterxml/jackson/core/filter/FilteringParserDelegate.java540f=_headContext.setImmediateParent(_currToken2);
projects/JacksonCore15/src/main/java/com/fasterxml/jackson/core/filter/FilteringParserDelegate.java540f=_headContext.setImmediateParent(_currToken2,name);
projects/JacksonCore15/src/main/java/com/fasterxml/jackson/core/filter/FilteringParserDelegate.java540f=t.getImmediateParent();
